cell,workers,seconds
"['SQ', 50, 4000]",1,0.795738375003566
"['SQ', 50, 8000]",1,0.8225114579981891
"['SQ', 50, 16000]",1,0.9915485419915058
"['SQ', 50, 32000]",1,1.2523866249975981
"['SQ', 50, 64000]",1,1.7809976669959724
"['SQ', 200, 4000]",1,0.9072307079914026
"['SQ', 200, 8000]",1,1.0749870420113439
"['SQ', 200, 16000]",1,1.5264184160041623
"['SQ', 200, 32000]",1,2.569518167001661
"['SQ', 200, 64000]",1,4.492213666002499
"['SQ', 800, 4000]",1,3.0155012920004083
"['SQ', 800, 8000]",1,4.000780750007834
"['SQ', 800, 16000]",1,6.7722957090009
"['SQ', 800, 32000]",1,12.127366959000938
"['SQ', 800, 64000]",1,22.2770195829944
"['UKL', 50, 4000]",1,1.1304290000116453
"['UKL', 50, 8000]",1,1.2306014580099145
"['UKL', 50, 16000]",1,1.4218620409956202
"['UKL', 50, 32000]",1,1.8806831249967217
"['UKL', 50, 64000]",1,3.0425414579949575
"['UKL', 200, 4000]",1,1.2874109580006916
"['UKL', 200, 8000]",1,1.6154292080027517
"['UKL', 200, 16000]",1,2.196196874996531
"['UKL', 200, 32000]",1,3.266082040994661
"['UKL', 200, 64000]",1,5.670801084008417
"['UKL', 800, 4000]",1,3.648344832996372
"['UKL', 800, 8000]",1,5.186120249985834
"['UKL', 800, 16000]",1,8.255984375005937
"['UKL', 800, 32000]",1,14.183853958005784
"['UKL', 800, 64000]",1,25.846476166989305
"['BP', 50, 4000]",1,1.0533937089930987
"['BP', 50, 8000]",1,1.1996612079965416
"['BP', 50, 16000]",1,1.4249816250085132
"['BP', 50, 32000]",1,1.839628375004395
"['BP', 50, 64000]",1,3.058085917000426
"['BP', 200, 4000]",1,1.2115836659941124
"['BP', 200, 8000]",1,1.4920254590106197
"['BP', 200, 16000]",1,2.1339611659932416
"['BP', 200, 32000]",1,3.413121790988953
"['BP', 200, 64000]",1,5.6487935410114005
"['BP', 800, 4000]",1,3.3285255830123788
"['BP', 800, 8000]",1,4.980885749988374
"['BP', 800, 16000]",1,7.408533667010488
"['BP', 800, 32000]",1,13.107296667003538
"['BP', 800, 64000]",1,24.897564166007214
"['BKL', 50, 4000]",1,1.1458545829955256
"['BKL', 50, 8000]",1,1.1933874579990515
"['BKL', 50, 16000]",1,1.346753459001775
"['BKL', 50, 32000]",1,2.0170155000087107
"['BKL', 50, 64000]",1,3.102906832995359
"['BKL', 200, 4000]",1,1.3205932499986375
"['BKL', 200, 8000]",1,1.4418628749990603
"['BKL', 200, 16000]",1,1.7768402919900836
"['BKL', 200, 32000]",1,3.1702649999933783
"['BKL', 200, 64000]",1,5.847682250008802
"['BKL', 800, 4000]",1,3.2798960420041112
"['BKL', 800, 8000]",1,4.339379084005486
"['BKL', 800, 16000]",1,6.7240329579944955
"['BKL', 800, 32000]",1,13.166537041994161
"['BKL', 800, 64000]",1,25.68944370900863
"['SQ', 50, 4000]",12,2.081851041992195
"['SQ', 50, 8000]",12,2.041954166998039
"['SQ', 50, 16000]",12,1.9718858750129584
"['SQ', 50, 32000]",12,2.0461312080005882
"['SQ', 50, 64000]",12,2.221817249999731
"['SQ', 200, 4000]",12,1.8932767499936745
"['SQ', 200, 8000]",12,2.011478166998131
"['SQ', 200, 16000]",12,2.26265320800303
"['SQ', 200, 32000]",12,2.610268292002729
"['SQ', 200, 64000]",12,3.4010597089945804
"['SQ', 800, 4000]",12,2.646139416989172
"['SQ', 800, 8000]",12,3.102839250001125
"['SQ', 800, 16000]",12,4.475008958004764
"['SQ', 800, 32000]",12,8.913066000008257
"['SQ', 800, 64000]",12,22.60264825000195
"['UKL', 50, 4000]",12,2.110996167000849
"['UKL', 50, 8000]",12,1.8751959590008482
"['UKL', 50, 16000]",12,1.9824714159913128
"['UKL', 50, 32000]",12,2.0929063340008724
"['UKL', 50, 64000]",12,2.336968709001667
"['UKL', 200, 4000]",12,1.9073493750038324
"['UKL', 200, 8000]",12,1.9378780420083785
"['UKL', 200, 16000]",12,2.125135958995088
"['UKL', 200, 32000]",12,2.477961583994329
"['UKL', 200, 64000]",12,3.129401541998959
"['UKL', 800, 4000]",12,2.4447568750038045
"['UKL', 800, 8000]",12,3.075521666993154
"['UKL', 800, 16000]",12,4.171201542005292
"['UKL', 800, 32000]",12,6.313958750004531
"['UKL', 800, 64000]",12,17.027917708008317
"['BP', 50, 4000]",12,2.0612882080022246
"['BP', 50, 8000]",12,1.8286317909951322
"['BP', 50, 16000]",12,1.9825086250057211
"['BP', 50, 32000]",12,2.1184176660026424
"['BP', 50, 64000]",12,2.310199624989764
"['BP', 200, 4000]",12,1.931027875005384
"['BP', 200, 8000]",12,1.9921616249921499
"['BP', 200, 16000]",12,2.2141125000052853
"['BP', 200, 32000]",12,2.6277724169922294
"['BP', 200, 64000]",12,3.317620749992784
"['BP', 800, 4000]",12,2.6430156249989523
"['BP', 800, 8000]",12,3.224554125001305
"['BP', 800, 16000]",12,4.175120915999287
"['BP', 800, 32000]",12,6.486900208008592
"['BP', 800, 64000]",12,16.03866329100856
"['BKL', 50, 4000]",12,2.1927686250128318
"['BKL', 50, 8000]",12,2.0336570420040516
"['BKL', 50, 16000]",12,2.0919832500076154
"['BKL', 50, 32000]",12,2.1838687080016825
"['BKL', 50, 64000]",12,2.3319681670109276
"['BKL', 200, 4000]",12,1.8229619579942664
"['BKL', 200, 8000]",12,1.8357320420036558
"['BKL', 200, 16000]",12,2.02901466700132
"['BKL', 200, 32000]",12,2.3520196250028675
"['BKL', 200, 64000]",12,3.2397957500070333
"['BKL', 800, 4000]",12,2.386066833001678
"['BKL', 800, 8000]",12,2.747714375000214
"['BKL', 800, 16000]",12,3.5391120840067742
"['BKL', 800, 32000]",12,5.765752417006297
"['BKL', 800, 64000]",12,17.1468680830003
