cell,arm,status,count
"[0.5, 'Include', 500]",BKL1-ARW_cf,domain_prediction,7
"[0.5, 'Include', 500]",BKL1-ARW_cf,ok,3
"[0.5, 'Include', 500]",BKL1-RW_full,domain_prediction,1
"[0.5, 'Include', 500]",BKL1-RW_full,ok,9
"[0.5, 'Include', 500]",BKL1-TMLE_cf,domain_prediction,7
"[0.5, 'Include', 500]",BKL1-TMLE_cf,ok,3
"[0.5, 'Include', 500]",BP_C0-ARW_cf,ok,10
"[0.5, 'Include', 500]",BP_C0-RW_full,ok,10
"[0.5, 'Include', 500]",BP_C0-TMLE_cf,ok,10
"[0.5, 'Include', 500]",BP_C1-ARW_cf,domain_prediction,1
"[0.5, 'Include', 500]",BP_C1-ARW_cf,ok,5
"[0.5, 'Include', 500]",BP_C1-ARW_cf,uncertified_numerical_boundary,4
"[0.5, 'Include', 500]",BP_C1-RW_full,ok,8
"[0.5, 'Include', 500]",BP_C1-RW_full,uncertified_numerical_boundary,2
"[0.5, 'Include', 500]",BP_C1-TMLE_cf,domain_prediction,1
"[0.5, 'Include', 500]",BP_C1-TMLE_cf,ok,5
"[0.5, 'Include', 500]",BP_C1-TMLE_cf,uncertified_numerical_boundary,4
"[0.5, 'Include', 500]",DML-GBM,ok,10
"[0.5, 'Include', 500]",EB-ARW_cf,ok,10
"[0.5, 'Include', 500]",EB-RW_full,ok,10
"[0.5, 'Include', 500]",EB-TMLE_cf,ok,10
"[0.5, 'Include', 500]",LogitAIPW,ok,10
"[0.5, 'Include', 500]",SQ-ARW_cf,ok,10
"[0.5, 'Include', 500]",SQ-RW_full,ok,10
"[0.5, 'Include', 500]",SQ-TMLE_cf,ok,10
"[0.5, 'Include', 500]",UKL1-ARW_EF,ok,10
"[0.5, 'Include', 500]",UKL1-ARW_cf,ok,10
"[0.5, 'Include', 500]",UKL1-RW_full,ok,10
"[0.5, 'Include', 500]",UKL1-TMLE_cf,ok,10
"[0.5, 'Include', 1000]",BKL1-ARW_cf,domain_prediction,5
"[0.5, 'Include', 1000]",BKL1-ARW_cf,ok,5
"[0.5, 'Include', 1000]",BKL1-RW_full,domain_prediction,4
"[0.5, 'Include', 1000]",BKL1-RW_full,ok,6
"[0.5, 'Include', 1000]",BKL1-TMLE_cf,domain_prediction,5
"[0.5, 'Include', 1000]",BKL1-TMLE_cf,ok,5
"[0.5, 'Include', 1000]",BP_C0-ARW_cf,ok,10
"[0.5, 'Include', 1000]",BP_C0-RW_full,ok,10
"[0.5, 'Include', 1000]",BP_C0-TMLE_cf,ok,10
"[0.5, 'Include', 1000]",BP_C1-ARW_cf,ok,6
"[0.5, 'Include', 1000]",BP_C1-ARW_cf,uncertified_numerical_boundary,4
"[0.5, 'Include', 1000]",BP_C1-RW_full,ok,8
"[0.5, 'Include', 1000]",BP_C1-RW_full,uncertified_numerical_boundary,2
"[0.5, 'Include', 1000]",BP_C1-TMLE_cf,ok,6
"[0.5, 'Include', 1000]",BP_C1-TMLE_cf,uncertified_numerical_boundary,4
"[0.5, 'Include', 1000]",DML-GBM,ok,10
"[0.5, 'Include', 1000]",EB-ARW_cf,ok,10
"[0.5, 'Include', 1000]",EB-RW_full,ok,10
"[0.5, 'Include', 1000]",EB-TMLE_cf,ok,10
"[0.5, 'Include', 1000]",LogitAIPW,ok,10
"[0.5, 'Include', 1000]",SQ-ARW_cf,ok,10
"[0.5, 'Include', 1000]",SQ-RW_full,ok,10
"[0.5, 'Include', 1000]",SQ-TMLE_cf,ok,10
"[0.5, 'Include', 1000]",UKL1-ARW_EF,ok,10
"[0.5, 'Include', 1000]",UKL1-ARW_cf,ok,10
"[0.5, 'Include', 1000]",UKL1-RW_full,ok,10
"[0.5, 'Include', 1000]",UKL1-TMLE_cf,ok,10
"[0.5, 'Include', 2000]",BKL1-ARW_cf,domain_prediction,4
"[0.5, 'Include', 2000]",BKL1-ARW_cf,ok,6
"[0.5, 'Include', 2000]",BKL1-RW_full,domain_prediction,1
"[0.5, 'Include', 2000]",BKL1-RW_full,ok,9
"[0.5, 'Include', 2000]",BKL1-TMLE_cf,domain_prediction,4
"[0.5, 'Include', 2000]",BKL1-TMLE_cf,ok,6
"[0.5, 'Include', 2000]",BP_C0-ARW_cf,ok,10
"[0.5, 'Include', 2000]",BP_C0-RW_full,ok,10
"[0.5, 'Include', 2000]",BP_C0-TMLE_cf,ok,10
"[0.5, 'Include', 2000]",BP_C1-ARW_cf,ok,10
"[0.5, 'Include', 2000]",BP_C1-RW_full,ok,10
"[0.5, 'Include', 2000]",BP_C1-TMLE_cf,ok,10
"[0.5, 'Include', 2000]",DML-GBM,ok,10
"[0.5, 'Include', 2000]",EB-ARW_cf,ok,10
"[0.5, 'Include', 2000]",EB-RW_full,ok,10
"[0.5, 'Include', 2000]",EB-TMLE_cf,ok,10
"[0.5, 'Include', 2000]",LogitAIPW,ok,10
"[0.5, 'Include', 2000]",SQ-ARW_cf,ok,10
"[0.5, 'Include', 2000]",SQ-RW_full,ok,10
"[0.5, 'Include', 2000]",SQ-TMLE_cf,ok,10
"[0.5, 'Include', 2000]",UKL1-ARW_EF,ok,10
"[0.5, 'Include', 2000]",UKL1-ARW_cf,ok,10
"[0.5, 'Include', 2000]",UKL1-RW_full,ok,10
"[0.5, 'Include', 2000]",UKL1-TMLE_cf,ok,10
"[0.5, 'Include', 4000]",BKL1-ARW_cf,domain_prediction,1
"[0.5, 'Include', 4000]",BKL1-ARW_cf,ok,9
"[0.5, 'Include', 4000]",BKL1-RW_full,ok,10
"[0.5, 'Include', 4000]",BKL1-TMLE_cf,domain_prediction,1
"[0.5, 'Include', 4000]",BKL1-TMLE_cf,ok,9
"[0.5, 'Include', 4000]",BP_C0-ARW_cf,ok,10
"[0.5, 'Include', 4000]",BP_C0-RW_full,ok,10
"[0.5, 'Include', 4000]",BP_C0-TMLE_cf,ok,10
"[0.5, 'Include', 4000]",BP_C1-ARW_cf,ok,9
"[0.5, 'Include', 4000]",BP_C1-ARW_cf,uncertified_numerical_boundary,1
"[0.5, 'Include', 4000]",BP_C1-RW_full,ok,10
"[0.5, 'Include', 4000]",BP_C1-TMLE_cf,ok,9
"[0.5, 'Include', 4000]",BP_C1-TMLE_cf,uncertified_numerical_boundary,1
"[0.5, 'Include', 4000]",DML-GBM,ok,10
"[0.5, 'Include', 4000]",EB-ARW_cf,ok,10
"[0.5, 'Include', 4000]",EB-RW_full,ok,10
"[0.5, 'Include', 4000]",EB-TMLE_cf,ok,10
"[0.5, 'Include', 4000]",LogitAIPW,ok,10
"[0.5, 'Include', 4000]",SQ-ARW_cf,ok,10
"[0.5, 'Include', 4000]",SQ-RW_full,ok,10
"[0.5, 'Include', 4000]",SQ-TMLE_cf,ok,10
"[0.5, 'Include', 4000]",UKL1-ARW_EF,ok,10
"[0.5, 'Include', 4000]",UKL1-ARW_cf,ok,10
"[0.5, 'Include', 4000]",UKL1-RW_full,ok,10
"[0.5, 'Include', 4000]",UKL1-TMLE_cf,ok,10
"[0.5, 'Omit', 500]",BKL1-ARW_cf,domain_prediction,1
"[0.5, 'Omit', 500]",BKL1-ARW_cf,ok,9
"[0.5, 'Omit', 500]",BKL1-RW_full,ok,10
"[0.5, 'Omit', 500]",BKL1-TMLE_cf,domain_prediction,1
"[0.5, 'Omit', 500]",BKL1-TMLE_cf,ok,9
"[0.5, 'Omit', 500]",BP_C0-ARW_cf,ok,10
"[0.5, 'Omit', 500]",BP_C0-RW_full,ok,10
"[0.5, 'Omit', 500]",BP_C0-TMLE_cf,ok,10
"[0.5, 'Omit', 500]",BP_C1-ARW_cf,ok,9
"[0.5, 'Omit', 500]",BP_C1-ARW_cf,uncertified_numerical_boundary,1
"[0.5, 'Omit', 500]",BP_C1-RW_full,ok,10
"[0.5, 'Omit', 500]",BP_C1-TMLE_cf,ok,9
"[0.5, 'Omit', 500]",BP_C1-TMLE_cf,uncertified_numerical_boundary,1
"[0.5, 'Omit', 500]",DML-GBM,ok,10
"[0.5, 'Omit', 500]",EB-ARW_cf,ok,10
"[0.5, 'Omit', 500]",EB-RW_full,ok,10
"[0.5, 'Omit', 500]",EB-TMLE_cf,ok,10
"[0.5, 'Omit', 500]",LogitAIPW,ok,10
"[0.5, 'Omit', 500]",SQ-ARW_cf,ok,10
"[0.5, 'Omit', 500]",SQ-RW_full,ok,10
"[0.5, 'Omit', 500]",SQ-TMLE_cf,ok,10
"[0.5, 'Omit', 500]",UKL1-ARW_cf,ok,10
"[0.5, 'Omit', 500]",UKL1-RW_full,ok,10
"[0.5, 'Omit', 500]",UKL1-TMLE_cf,ok,10
"[0.5, 'Omit', 1000]",BKL1-ARW_cf,ok,10
"[0.5, 'Omit', 1000]",BKL1-RW_full,ok,10
"[0.5, 'Omit', 1000]",BKL1-TMLE_cf,ok,10
"[0.5, 'Omit', 1000]",BP_C0-ARW_cf,ok,10
"[0.5, 'Omit', 1000]",BP_C0-RW_full,ok,10
"[0.5, 'Omit', 1000]",BP_C0-TMLE_cf,ok,10
"[0.5, 'Omit', 1000]",BP_C1-ARW_cf,ok,10
"[0.5, 'Omit', 1000]",BP_C1-RW_full,ok,10
"[0.5, 'Omit', 1000]",BP_C1-TMLE_cf,ok,10
"[0.5, 'Omit', 1000]",DML-GBM,ok,10
"[0.5, 'Omit', 1000]",EB-ARW_cf,ok,10
"[0.5, 'Omit', 1000]",EB-RW_full,ok,10
"[0.5, 'Omit', 1000]",EB-TMLE_cf,ok,10
"[0.5, 'Omit', 1000]",LogitAIPW,ok,10
"[0.5, 'Omit', 1000]",SQ-ARW_cf,ok,10
"[0.5, 'Omit', 1000]",SQ-RW_full,ok,10
"[0.5, 'Omit', 1000]",SQ-TMLE_cf,ok,10
"[0.5, 'Omit', 1000]",UKL1-ARW_cf,ok,10
"[0.5, 'Omit', 1000]",UKL1-RW_full,ok,10
"[0.5, 'Omit', 1000]",UKL1-TMLE_cf,ok,10
"[0.5, 'Omit', 2000]",BKL1-ARW_cf,ok,10
"[0.5, 'Omit', 2000]",BKL1-RW_full,ok,10
"[0.5, 'Omit', 2000]",BKL1-TMLE_cf,ok,10
"[0.5, 'Omit', 2000]",BP_C0-ARW_cf,ok,10
"[0.5, 'Omit', 2000]",BP_C0-RW_full,ok,10
"[0.5, 'Omit', 2000]",BP_C0-TMLE_cf,ok,10
"[0.5, 'Omit', 2000]",BP_C1-ARW_cf,ok,10
"[0.5, 'Omit', 2000]",BP_C1-RW_full,ok,10
"[0.5, 'Omit', 2000]",BP_C1-TMLE_cf,ok,10
"[0.5, 'Omit', 2000]",DML-GBM,ok,10
"[0.5, 'Omit', 2000]",EB-ARW_cf,ok,10
"[0.5, 'Omit', 2000]",EB-RW_full,ok,10
"[0.5, 'Omit', 2000]",EB-TMLE_cf,ok,10
"[0.5, 'Omit', 2000]",LogitAIPW,ok,10
"[0.5, 'Omit', 2000]",SQ-ARW_cf,ok,10
"[0.5, 'Omit', 2000]",SQ-RW_full,ok,10
"[0.5, 'Omit', 2000]",SQ-TMLE_cf,ok,10
"[0.5, 'Omit', 2000]",UKL1-ARW_cf,ok,10
"[0.5, 'Omit', 2000]",UKL1-RW_full,ok,10
"[0.5, 'Omit', 2000]",UKL1-TMLE_cf,ok,10
"[0.5, 'Omit', 4000]",BKL1-ARW_cf,ok,10
"[0.5, 'Omit', 4000]",BKL1-RW_full,ok,10
"[0.5, 'Omit', 4000]",BKL1-TMLE_cf,ok,10
"[0.5, 'Omit', 4000]",BP_C0-ARW_cf,ok,10
"[0.5, 'Omit', 4000]",BP_C0-RW_full,ok,10
"[0.5, 'Omit', 4000]",BP_C0-TMLE_cf,ok,10
"[0.5, 'Omit', 4000]",BP_C1-ARW_cf,ok,10
"[0.5, 'Omit', 4000]",BP_C1-RW_full,ok,10
"[0.5, 'Omit', 4000]",BP_C1-TMLE_cf,ok,10
"[0.5, 'Omit', 4000]",DML-GBM,ok,10
"[0.5, 'Omit', 4000]",EB-ARW_cf,ok,10
"[0.5, 'Omit', 4000]",EB-RW_full,ok,10
"[0.5, 'Omit', 4000]",EB-TMLE_cf,ok,10
"[0.5, 'Omit', 4000]",LogitAIPW,ok,10
"[0.5, 'Omit', 4000]",SQ-ARW_cf,ok,10
"[0.5, 'Omit', 4000]",SQ-RW_full,ok,10
"[0.5, 'Omit', 4000]",SQ-TMLE_cf,ok,10
"[0.5, 'Omit', 4000]",UKL1-ARW_cf,ok,10
"[0.5, 'Omit', 4000]",UKL1-RW_full,ok,10
"[0.5, 'Omit', 4000]",UKL1-TMLE_cf,ok,10
"[1.25, 'Include', 500]",BKL1-ARW_cf,domain_prediction,10
"[1.25, 'Include', 500]",BKL1-RW_full,domain_prediction,10
"[1.25, 'Include', 500]",BKL1-TMLE_cf,domain_prediction,10
"[1.25, 'Include', 500]",BP_C0-ARW_cf,domain_prediction,1
"[1.25, 'Include', 500]",BP_C0-ARW_cf,ok,4
"[1.25, 'Include', 500]",BP_C0-ARW_cf,uncertified_numerical_boundary,5
"[1.25, 'Include', 500]",BP_C0-RW_full,ok,7
"[1.25, 'Include', 500]",BP_C0-RW_full,uncertified_numerical_boundary,3
"[1.25, 'Include', 500]",BP_C0-TMLE_cf,domain_prediction,1
"[1.25, 'Include', 500]",BP_C0-TMLE_cf,ok,4
"[1.25, 'Include', 500]",BP_C0-TMLE_cf,uncertified_numerical_boundary,5
"[1.25, 'Include', 500]",BP_C1-ARW_cf,uncertified_numerical_boundary,10
"[1.25, 'Include', 500]",BP_C1-RW_full,uncertified_numerical_boundary,10
"[1.25, 'Include', 500]",BP_C1-TMLE_cf,uncertified_numerical_boundary,10
"[1.25, 'Include', 500]",DML-GBM,ok,10
"[1.25, 'Include', 500]",EB-ARW_cf,ok,10
"[1.25, 'Include', 500]",EB-RW_full,ok,10
"[1.25, 'Include', 500]",EB-TMLE_cf,ok,10
"[1.25, 'Include', 500]",LogitAIPW,ok,10
"[1.25, 'Include', 500]",SQ-ARW_cf,ok,10
"[1.25, 'Include', 500]",SQ-RW_full,ok,10
"[1.25, 'Include', 500]",SQ-TMLE_cf,ok,10
"[1.25, 'Include', 500]",UKL1-ARW_EF,domain_prediction,1
"[1.25, 'Include', 500]",UKL1-ARW_EF,ok,2
"[1.25, 'Include', 500]",UKL1-ARW_EF,uncertified_numerical_boundary,7
"[1.25, 'Include', 500]",UKL1-ARW_cf,ok,10
"[1.25, 'Include', 500]",UKL1-RW_full,ok,10
"[1.25, 'Include', 500]",UKL1-TMLE_cf,ok,10
"[1.25, 'Include', 1000]",BKL1-ARW_cf,domain_prediction,10
"[1.25, 'Include', 1000]",BKL1-RW_full,domain_prediction,10
"[1.25, 'Include', 1000]",BKL1-TMLE_cf,domain_prediction,10
"[1.25, 'Include', 1000]",BP_C0-ARW_cf,domain_prediction,1
"[1.25, 'Include', 1000]",BP_C0-ARW_cf,ok,4
"[1.25, 'Include', 1000]",BP_C0-ARW_cf,uncertified_numerical_boundary,5
"[1.25, 'Include', 1000]",BP_C0-RW_full,ok,6
"[1.25, 'Include', 1000]",BP_C0-RW_full,uncertified_numerical_boundary,4
"[1.25, 'Include', 1000]",BP_C0-TMLE_cf,domain_prediction,1
"[1.25, 'Include', 1000]",BP_C0-TMLE_cf,ok,4
"[1.25, 'Include', 1000]",BP_C0-TMLE_cf,uncertified_numerical_boundary,5
"[1.25, 'Include', 1000]",BP_C1-ARW_cf,uncertified_numerical_boundary,10
"[1.25, 'Include', 1000]",BP_C1-RW_full,uncertified_numerical_boundary,10
"[1.25, 'Include', 1000]",BP_C1-TMLE_cf,uncertified_numerical_boundary,10
"[1.25, 'Include', 1000]",DML-GBM,ok,10
"[1.25, 'Include', 1000]",EB-ARW_cf,ok,10
"[1.25, 'Include', 1000]",EB-RW_full,ok,10
"[1.25, 'Include', 1000]",EB-TMLE_cf,ok,10
"[1.25, 'Include', 1000]",LogitAIPW,ok,10
"[1.25, 'Include', 1000]",SQ-ARW_cf,ok,10
"[1.25, 'Include', 1000]",SQ-RW_full,ok,10
"[1.25, 'Include', 1000]",SQ-TMLE_cf,ok,10
"[1.25, 'Include', 1000]",UKL1-ARW_EF,ok,6
"[1.25, 'Include', 1000]",UKL1-ARW_EF,uncertified_numerical_boundary,4
"[1.25, 'Include', 1000]",UKL1-ARW_cf,ok,10
"[1.25, 'Include', 1000]",UKL1-RW_full,ok,10
"[1.25, 'Include', 1000]",UKL1-TMLE_cf,ok,10
"[1.25, 'Include', 2000]",BKL1-ARW_cf,domain_prediction,10
"[1.25, 'Include', 2000]",BKL1-RW_full,domain_prediction,10
"[1.25, 'Include', 2000]",BKL1-TMLE_cf,domain_prediction,10
"[1.25, 'Include', 2000]",BP_C0-ARW_cf,domain_prediction,1
"[1.25, 'Include', 2000]",BP_C0-ARW_cf,ok,3
"[1.25, 'Include', 2000]",BP_C0-ARW_cf,uncertified_numerical_boundary,6
"[1.25, 'Include', 2000]",BP_C0-RW_full,ok,7
"[1.25, 'Include', 2000]",BP_C0-RW_full,uncertified_numerical_boundary,3
"[1.25, 'Include', 2000]",BP_C0-TMLE_cf,domain_prediction,1
"[1.25, 'Include', 2000]",BP_C0-TMLE_cf,ok,3
"[1.25, 'Include', 2000]",BP_C0-TMLE_cf,uncertified_numerical_boundary,6
"[1.25, 'Include', 2000]",BP_C1-ARW_cf,uncertified_numerical_boundary,10
"[1.25, 'Include', 2000]",BP_C1-RW_full,uncertified_numerical_boundary,10
"[1.25, 'Include', 2000]",BP_C1-TMLE_cf,uncertified_numerical_boundary,10
"[1.25, 'Include', 2000]",DML-GBM,ok,10
"[1.25, 'Include', 2000]",EB-ARW_cf,ok,10
"[1.25, 'Include', 2000]",EB-RW_full,ok,10
"[1.25, 'Include', 2000]",EB-TMLE_cf,ok,10
"[1.25, 'Include', 2000]",LogitAIPW,ok,10
"[1.25, 'Include', 2000]",SQ-ARW_cf,ok,10
"[1.25, 'Include', 2000]",SQ-RW_full,ok,10
"[1.25, 'Include', 2000]",SQ-TMLE_cf,ok,10
"[1.25, 'Include', 2000]",UKL1-ARW_EF,ok,10
"[1.25, 'Include', 2000]",UKL1-ARW_cf,ok,10
"[1.25, 'Include', 2000]",UKL1-RW_full,ok,10
"[1.25, 'Include', 2000]",UKL1-TMLE_cf,ok,10
"[1.25, 'Include', 4000]",BKL1-ARW_cf,domain_prediction,10
"[1.25, 'Include', 4000]",BKL1-RW_full,domain_prediction,10
"[1.25, 'Include', 4000]",BKL1-TMLE_cf,domain_prediction,10
"[1.25, 'Include', 4000]",BP_C0-ARW_cf,domain_prediction,2
"[1.25, 'Include', 4000]",BP_C0-ARW_cf,ok,4
"[1.25, 'Include', 4000]",BP_C0-ARW_cf,uncertified_numerical_boundary,4
"[1.25, 'Include', 4000]",BP_C0-RW_full,ok,8
"[1.25, 'Include', 4000]",BP_C0-RW_full,uncertified_numerical_boundary,2
"[1.25, 'Include', 4000]",BP_C0-TMLE_cf,domain_prediction,2
"[1.25, 'Include', 4000]",BP_C0-TMLE_cf,ok,4
"[1.25, 'Include', 4000]",BP_C0-TMLE_cf,uncertified_numerical_boundary,4
"[1.25, 'Include', 4000]",BP_C1-ARW_cf,uncertified_numerical_boundary,10
"[1.25, 'Include', 4000]",BP_C1-RW_full,uncertified_numerical_boundary,10
"[1.25, 'Include', 4000]",BP_C1-TMLE_cf,uncertified_numerical_boundary,10
"[1.25, 'Include', 4000]",DML-GBM,ok,10
"[1.25, 'Include', 4000]",EB-ARW_cf,ok,10
"[1.25, 'Include', 4000]",EB-RW_full,ok,10
"[1.25, 'Include', 4000]",EB-TMLE_cf,ok,10
"[1.25, 'Include', 4000]",LogitAIPW,ok,10
"[1.25, 'Include', 4000]",SQ-ARW_cf,ok,10
"[1.25, 'Include', 4000]",SQ-RW_full,ok,10
"[1.25, 'Include', 4000]",SQ-TMLE_cf,ok,10
"[1.25, 'Include', 4000]",UKL1-ARW_EF,ok,10
"[1.25, 'Include', 4000]",UKL1-ARW_cf,ok,10
"[1.25, 'Include', 4000]",UKL1-RW_full,ok,10
"[1.25, 'Include', 4000]",UKL1-TMLE_cf,ok,10
"[1.25, 'Omit', 500]",BKL1-ARW_cf,domain_prediction,10
"[1.25, 'Omit', 500]",BKL1-RW_full,domain_prediction,10
"[1.25, 'Omit', 500]",BKL1-TMLE_cf,domain_prediction,10
"[1.25, 'Omit', 500]",BP_C0-ARW_cf,ok,10
"[1.25, 'Omit', 500]",BP_C0-RW_full,ok,10
"[1.25, 'Omit', 500]",BP_C0-TMLE_cf,ok,10
"[1.25, 'Omit', 500]",BP_C1-ARW_cf,domain_prediction,1
"[1.25, 'Omit', 500]",BP_C1-ARW_cf,uncertified_numerical_boundary,9
"[1.25, 'Omit', 500]",BP_C1-RW_full,domain_prediction,1
"[1.25, 'Omit', 500]",BP_C1-RW_full,uncertified_numerical_boundary,9
"[1.25, 'Omit', 500]",BP_C1-TMLE_cf,domain_prediction,1
"[1.25, 'Omit', 500]",BP_C1-TMLE_cf,uncertified_numerical_boundary,9
"[1.25, 'Omit', 500]",DML-GBM,ok,10
"[1.25, 'Omit', 500]",EB-ARW_cf,ok,10
"[1.25, 'Omit', 500]",EB-RW_full,ok,10
"[1.25, 'Omit', 500]",EB-TMLE_cf,ok,10
"[1.25, 'Omit', 500]",LogitAIPW,ok,10
"[1.25, 'Omit', 500]",SQ-ARW_cf,ok,10
"[1.25, 'Omit', 500]",SQ-RW_full,ok,10
"[1.25, 'Omit', 500]",SQ-TMLE_cf,ok,10
"[1.25, 'Omit', 500]",UKL1-ARW_cf,ok,10
"[1.25, 'Omit', 500]",UKL1-RW_full,ok,10
"[1.25, 'Omit', 500]",UKL1-TMLE_cf,ok,10
"[1.25, 'Omit', 1000]",BKL1-ARW_cf,domain_prediction,10
"[1.25, 'Omit', 1000]",BKL1-RW_full,domain_prediction,10
"[1.25, 'Omit', 1000]",BKL1-TMLE_cf,domain_prediction,10
"[1.25, 'Omit', 1000]",BP_C0-ARW_cf,ok,10
"[1.25, 'Omit', 1000]",BP_C0-RW_full,ok,10
"[1.25, 'Omit', 1000]",BP_C0-TMLE_cf,ok,10
"[1.25, 'Omit', 1000]",BP_C1-ARW_cf,domain_prediction,2
"[1.25, 'Omit', 1000]",BP_C1-ARW_cf,uncertified_numerical_boundary,8
"[1.25, 'Omit', 1000]",BP_C1-RW_full,domain_prediction,2
"[1.25, 'Omit', 1000]",BP_C1-RW_full,uncertified_numerical_boundary,8
"[1.25, 'Omit', 1000]",BP_C1-TMLE_cf,domain_prediction,2
"[1.25, 'Omit', 1000]",BP_C1-TMLE_cf,uncertified_numerical_boundary,8
"[1.25, 'Omit', 1000]",DML-GBM,ok,10
"[1.25, 'Omit', 1000]",EB-ARW_cf,ok,10
"[1.25, 'Omit', 1000]",EB-RW_full,ok,10
"[1.25, 'Omit', 1000]",EB-TMLE_cf,ok,10
"[1.25, 'Omit', 1000]",LogitAIPW,ok,10
"[1.25, 'Omit', 1000]",SQ-ARW_cf,ok,10
"[1.25, 'Omit', 1000]",SQ-RW_full,ok,10
"[1.25, 'Omit', 1000]",SQ-TMLE_cf,ok,10
"[1.25, 'Omit', 1000]",UKL1-ARW_cf,ok,10
"[1.25, 'Omit', 1000]",UKL1-RW_full,ok,10
"[1.25, 'Omit', 1000]",UKL1-TMLE_cf,ok,10
"[1.25, 'Omit', 2000]",BKL1-ARW_cf,domain_prediction,10
"[1.25, 'Omit', 2000]",BKL1-RW_full,domain_prediction,10
"[1.25, 'Omit', 2000]",BKL1-TMLE_cf,domain_prediction,10
"[1.25, 'Omit', 2000]",BP_C0-ARW_cf,ok,10
"[1.25, 'Omit', 2000]",BP_C0-RW_full,ok,10
"[1.25, 'Omit', 2000]",BP_C0-TMLE_cf,ok,10
"[1.25, 'Omit', 2000]",BP_C1-ARW_cf,domain_prediction,2
"[1.25, 'Omit', 2000]",BP_C1-ARW_cf,uncertified_numerical_boundary,8
"[1.25, 'Omit', 2000]",BP_C1-RW_full,uncertified_numerical_boundary,10
"[1.25, 'Omit', 2000]",BP_C1-TMLE_cf,domain_prediction,2
"[1.25, 'Omit', 2000]",BP_C1-TMLE_cf,uncertified_numerical_boundary,8
"[1.25, 'Omit', 2000]",DML-GBM,ok,10
"[1.25, 'Omit', 2000]",EB-ARW_cf,ok,10
"[1.25, 'Omit', 2000]",EB-RW_full,ok,10
"[1.25, 'Omit', 2000]",EB-TMLE_cf,ok,10
"[1.25, 'Omit', 2000]",LogitAIPW,ok,10
"[1.25, 'Omit', 2000]",SQ-ARW_cf,ok,10
"[1.25, 'Omit', 2000]",SQ-RW_full,ok,10
"[1.25, 'Omit', 2000]",SQ-TMLE_cf,ok,10
"[1.25, 'Omit', 2000]",UKL1-ARW_cf,ok,10
"[1.25, 'Omit', 2000]",UKL1-RW_full,ok,10
"[1.25, 'Omit', 2000]",UKL1-TMLE_cf,ok,10
"[1.25, 'Omit', 4000]",BKL1-ARW_cf,domain_prediction,10
"[1.25, 'Omit', 4000]",BKL1-RW_full,domain_prediction,10
"[1.25, 'Omit', 4000]",BKL1-TMLE_cf,domain_prediction,10
"[1.25, 'Omit', 4000]",BP_C0-ARW_cf,ok,10
"[1.25, 'Omit', 4000]",BP_C0-RW_full,ok,10
"[1.25, 'Omit', 4000]",BP_C0-TMLE_cf,ok,10
"[1.25, 'Omit', 4000]",BP_C1-ARW_cf,domain_prediction,2
"[1.25, 'Omit', 4000]",BP_C1-ARW_cf,uncertified_numerical_boundary,8
"[1.25, 'Omit', 4000]",BP_C1-RW_full,domain_prediction,3
"[1.25, 'Omit', 4000]",BP_C1-RW_full,uncertified_numerical_boundary,7
"[1.25, 'Omit', 4000]",BP_C1-TMLE_cf,domain_prediction,2
"[1.25, 'Omit', 4000]",BP_C1-TMLE_cf,uncertified_numerical_boundary,8
"[1.25, 'Omit', 4000]",DML-GBM,ok,10
"[1.25, 'Omit', 4000]",EB-ARW_cf,ok,10
"[1.25, 'Omit', 4000]",EB-RW_full,ok,10
"[1.25, 'Omit', 4000]",EB-TMLE_cf,ok,10
"[1.25, 'Omit', 4000]",LogitAIPW,ok,10
"[1.25, 'Omit', 4000]",SQ-ARW_cf,ok,10
"[1.25, 'Omit', 4000]",SQ-RW_full,ok,10
"[1.25, 'Omit', 4000]",SQ-TMLE_cf,ok,10
"[1.25, 'Omit', 4000]",UKL1-ARW_cf,ok,10
"[1.25, 'Omit', 4000]",UKL1-RW_full,ok,10
"[1.25, 'Omit', 4000]",UKL1-TMLE_cf,ok,10
