kind,example,quantity,exact,exact_latex,float,abs_diff,agrees
check,i,beta,1,1,1.0,0.0,True
check,i,alpha,1,1,1.0,0.0,True
check,i,imbalance,-2,-2,-2.0,0.0,True
check,i,weight_program,5/2,\frac{5}{2},2.5000000000000138,1.3766765505351941e-14,True
check,i,weight_program_value,25/8,\frac{25}{8},3.1250000000000346,3.4638958368304884e-14,True
check,ii,w1,3,3,3.0000000000000133,1.3322676295501878e-14,True
check,ii,w2,0,0,1.422083797707136e-14,1.422083797707136e-14,True
check,ii,value,3/2,\frac{3}{2},1.5000000000000124,1.2434497875801753e-14,True
check,iii,sq_w(z=-1),18/5,\frac{18}{5},3.5999999999999988,1.3322676295501878e-15,True
check,iii,sq_w(z=0),12/5,\frac{12}{5},2.3999999999999995,4.440892098500626e-16,True
check,iii,sq_w(z=1),6/5,\frac{6}{5},1.2000000000000002,2.220446049250313e-16,True
check,iii,sq_estimand,3/5,\frac{3}{5},0.6,0.0,True
check,iii,sq_bias,-1/15,- \frac{1}{15},-0.06666666666666665,1.3877787807814457e-17,True
check,iii,ukl_bias,0,0,2.079347805050702e-11,2.079347805050702e-11,True
check,iii,sq_bias_z2,0,0,-2.220446049250313e-16,2.220446049250313e-16,True
check,iii,ukl_bias_z2,0,0,2.0650148258027912e-14,2.0650148258027912e-14,True
check,iv,ukl_w(z=-1),3,3,3.0000000000000004,4.440892098500626e-16,True
check,iv,ukl_w(z=0),5,5,5.000000000000001,8.881784197001252e-16,True
check,iv,ukl_w(z=1),9,9,9.000000000000002,1.7763568394002505e-15,True
check,iv,ukl_estimand,12/17,\frac{12}{17},0.7058823529411766,1.1102230246251565e-16,True
check,iv,ukl_bias,2/51,\frac{2}{51},0.03921568627451,1.942890293094024e-16,True
check,iv,sq_bias,0,0,3.3306690738754696e-16,3.3306690738754696e-16,True
check,v,beta1,3/4,\frac{3}{4},0.7500000000005114,5.113687251423471e-13,True
check,v,beta2,3/10,\frac{3}{10},0.29999999999954496,4.550249066426204e-13,True
check,v,alpha(x=0),3/4,\frac{3}{4},0.7500000000005114,5.113687251423471e-13,True
check,v,alpha(x=1),21/20,\frac{21}{20},1.0500000000000562,5.617728504603292e-14,True
check,v,alpha(x=2),27/20,\frac{27}{20},1.3499999999996013,3.9879211044535623e-13,True
check,v,norm_sq,3/80,\frac{3}{80},0.03750000000005111,5.1111892496180644e-14,True
check,v,mean_e,1/20,\frac{1}{20},0.0500000000000563,5.6295246242399344e-14,True
exact_only,ii,inf_not_attained,-1,-1,,,False
