arm,R,R_s,failure_rate,failure_rate_cp_upper,status_counts,bias,sd,rmse,coverage,coverage_conditional,se_mean,se_ratio,max_weight_median,ess_median,s2,eb_check,s1
ATE|lin-SQ|ARW,100,100,0.0,0.029513049607039925,"{""ok"": 100}",0.012630475773928226,0.30604822660764885,0.3047759681435951,0.94,0.94,0.32880325870239435,1.0743511319995893,17.28039338569632,356.2658276985961,True,"{""records_checked"": 0, ""max_relative_difference"": null, ""tolerance"": 1e-06}","{""ATE|lin-SQ"": [26.071859427420378, 9.813312197957874, 45.755015567753325], ""ATE|lin-UKL1"": [22.40742620323621, 14.741094265137384, 22.999984491268656], ""ATE|lin-BKL1"": [NaN, NaN, NaN], ""ATE|lin-BP"": [4.174843594782583, 3.061769149752876, 5.407755744623496], ""ATE|rkhs-SQ"": [15.946967877359315, 7.9477121922514105, 22.492744992953064], ""ATE|rkhs-UKL1"": [39.26425239362995, 9.13855365756122, 86.14503574021246], ""ATE|rkhs-BKL1"": [4.859259365462589, 3.8981575409480915, 5.794333828283348], ""ATE|rkhs-BP"": [4.7525125369156855, 2.965254698373912, 6.266533706691049], ""ATT|lin-SQ"": [2.389456665819919, 1.6754825359213055, 3.847406364659366], ""ATT|lin-UKL0"": [2.625329376666357, 1.700288942207012, 4.222289972641773], ""ATT|lin-BKL005"": [NaN, NaN, NaN], ""ATT|lin-BP"": [2.6610216722514757, 1.8513501654077944, 4.060529271674102], ""ATT|rkhs-SQ"": [1.5265823215142167, 1.1844484181391592, 2.533363448071413], ""ATT|rkhs-UKL0"": [2.0764619518575764, 1.620685422477727, 3.499698011320332], ""ATT|rkhs-BKL005"": [1.947965495648197, 1.4580333057196364, 3.020188906682036], ""ATT|rkhs-BP"": [1.3873551462888265, 1.1030500376157713, 2.212369675413148]}"
ATE|lin-SQ|RW,100,100,0.0,0.029513049607039925,"{""ok"": 100}",2.243006154696483,7.979246342125917,8.250016065223923,0.32,0.32,0.32880325870239435,0.041207307633366164,17.28039338569632,356.2658276985961,False,"{""records_checked"": 0, ""max_relative_difference"": null, ""tolerance"": 1e-06}","{""ATE|lin-SQ"": [26.071859427420378, 9.813312197957874, 45.755015567753325], ""ATE|lin-UKL1"": [22.40742620323621, 14.741094265137384, 22.999984491268656], ""ATE|lin-BKL1"": [NaN, NaN, NaN], ""ATE|lin-BP"": [4.174843594782583, 3.061769149752876, 5.407755744623496], ""ATE|rkhs-SQ"": [15.946967877359315, 7.9477121922514105, 22.492744992953064], ""ATE|rkhs-UKL1"": [39.26425239362995, 9.13855365756122, 86.14503574021246], ""ATE|rkhs-BKL1"": [4.859259365462589, 3.8981575409480915, 5.794333828283348], ""ATE|rkhs-BP"": [4.7525125369156855, 2.965254698373912, 6.266533706691049], ""ATT|lin-SQ"": [2.389456665819919, 1.6754825359213055, 3.847406364659366], ""ATT|lin-UKL0"": [2.625329376666357, 1.700288942207012, 4.222289972641773], ""ATT|lin-BKL005"": [NaN, NaN, NaN], ""ATT|lin-BP"": [2.6610216722514757, 1.8513501654077944, 4.060529271674102], ""ATT|rkhs-SQ"": [1.5265823215142167, 1.1844484181391592, 2.533363448071413], ""ATT|rkhs-UKL0"": [2.0764619518575764, 1.620685422477727, 3.499698011320332], ""ATT|rkhs-BKL005"": [1.947965495648197, 1.4580333057196364, 3.020188906682036], ""ATT|rkhs-BP"": [1.3873551462888265, 1.1030500376157713, 2.212369675413148]}"
ATE|lin-SQ|TMLE,100,100,0.0,0.029513049607039925,"{""ok"": 100}",-0.004381994999806634,0.1641125316644925,0.16334869359445178,0.95,0.95,0.3100676078535198,1.8893597259678752,17.28039338569632,356.2658276985961,True,"{""records_checked"": 0, ""max_relative_difference"": null, ""tolerance"": 1e-06}","{""ATE|lin-SQ"": [26.071859427420378, 9.813312197957874, 45.755015567753325], ""ATE|lin-UKL1"": [22.40742620323621, 14.741094265137384, 22.999984491268656], ""ATE|lin-BKL1"": [NaN, NaN, NaN], ""ATE|lin-BP"": [4.174843594782583, 3.061769149752876, 5.407755744623496], ""ATE|rkhs-SQ"": [15.946967877359315, 7.9477121922514105, 22.492744992953064], ""ATE|rkhs-UKL1"": [39.26425239362995, 9.13855365756122, 86.14503574021246], ""ATE|rkhs-BKL1"": [4.859259365462589, 3.8981575409480915, 5.794333828283348], ""ATE|rkhs-BP"": [4.7525125369156855, 2.965254698373912, 6.266533706691049], ""ATT|lin-SQ"": [2.389456665819919, 1.6754825359213055, 3.847406364659366], ""ATT|lin-UKL0"": [2.625329376666357, 1.700288942207012, 4.222289972641773], ""ATT|lin-BKL005"": [NaN, NaN, NaN], ""ATT|lin-BP"": [2.6610216722514757, 1.8513501654077944, 4.060529271674102], ""ATT|rkhs-SQ"": [1.5265823215142167, 1.1844484181391592, 2.533363448071413], ""ATT|rkhs-UKL0"": [2.0764619518575764, 1.620685422477727, 3.499698011320332], ""ATT|rkhs-BKL005"": [1.947965495648197, 1.4580333057196364, 3.020188906682036], ""ATT|rkhs-BP"": [1.3873551462888265, 1.1030500376157713, 2.212369675413148]}"
ATE|lin-UKL1|ARW,100,100,0.0,0.029513049607039925,"{""ok"": 100}",1.636970674686742e+26,1.7118397430950906e+27,1.7111072680803243e+27,0.97,0.97,2.6754182435316227e+26,0.15628906001997211,73.11462558797359,176.97555079488194,True,"{""records_checked"": 0, ""max_relative_difference"": null, ""tolerance"": 1e-06}","{""ATE|lin-SQ"": [26.071859427420378, 9.813312197957874, 45.755015567753325], ""ATE|lin-UKL1"": [22.40742620323621, 14.741094265137384, 22.999984491268656], ""ATE|lin-BKL1"": [NaN, NaN, NaN], ""ATE|lin-BP"": [4.174843594782583, 3.061769149752876, 5.407755744623496], ""ATE|rkhs-SQ"": [15.946967877359315, 7.9477121922514105, 22.492744992953064], ""ATE|rkhs-UKL1"": [39.26425239362995, 9.13855365756122, 86.14503574021246], ""ATE|rkhs-BKL1"": [4.859259365462589, 3.8981575409480915, 5.794333828283348], ""ATE|rkhs-BP"": [4.7525125369156855, 2.965254698373912, 6.266533706691049], ""ATT|lin-SQ"": [2.389456665819919, 1.6754825359213055, 3.847406364659366], ""ATT|lin-UKL0"": [2.625329376666357, 1.700288942207012, 4.222289972641773], ""ATT|lin-BKL005"": [NaN, NaN, NaN], ""ATT|lin-BP"": [2.6610216722514757, 1.8513501654077944, 4.060529271674102], ""ATT|rkhs-SQ"": [1.5265823215142167, 1.1844484181391592, 2.533363448071413], ""ATT|rkhs-UKL0"": [2.0764619518575764, 1.620685422477727, 3.499698011320332], ""ATT|rkhs-BKL005"": [1.947965495648197, 1.4580333057196364, 3.020188906682036], ""ATT|rkhs-BP"": [1.3873551462888265, 1.1030500376157713, 2.212369675413148]}"
ATE|lin-UKL1|RW,100,100,0.0,0.029513049607039925,"{""ok"": 100}",3.965965735928622e+27,3.8357922715169814e+28,3.8371158659744306e+28,0.09,0.09,2.6754182435316227e+26,0.00697487781963111,73.11462558797359,176.97555079488194,False,"{""records_checked"": 0, ""max_relative_difference"": null, ""tolerance"": 1e-06}","{""ATE|lin-SQ"": [26.071859427420378, 9.813312197957874, 45.755015567753325], ""ATE|lin-UKL1"": [22.40742620323621, 14.741094265137384, 22.999984491268656], ""ATE|lin-BKL1"": [NaN, NaN, NaN], ""ATE|lin-BP"": [4.174843594782583, 3.061769149752876, 5.407755744623496], ""ATE|rkhs-SQ"": [15.946967877359315, 7.9477121922514105, 22.492744992953064], ""ATE|rkhs-UKL1"": [39.26425239362995, 9.13855365756122, 86.14503574021246], ""ATE|rkhs-BKL1"": [4.859259365462589, 3.8981575409480915, 5.794333828283348], ""ATE|rkhs-BP"": [4.7525125369156855, 2.965254698373912, 6.266533706691049], ""ATT|lin-SQ"": [2.389456665819919, 1.6754825359213055, 3.847406364659366], ""ATT|lin-UKL0"": [2.625329376666357, 1.700288942207012, 4.222289972641773], ""ATT|lin-BKL005"": [NaN, NaN, NaN], ""ATT|lin-BP"": [2.6610216722514757, 1.8513501654077944, 4.060529271674102], ""ATT|rkhs-SQ"": [1.5265823215142167, 1.1844484181391592, 2.533363448071413], ""ATT|rkhs-UKL0"": [2.0764619518575764, 1.620685422477727, 3.499698011320332], ""ATT|rkhs-BKL005"": [1.947965495648197, 1.4580333057196364, 3.020188906682036], ""ATT|rkhs-BP"": [1.3873551462888265, 1.1030500376157713, 2.212369675413148]}"
ATE|lin-UKL1|TMLE,100,100,0.0,0.029513049607039925,"{""ok"": 100}",-31086593813.46994,301497790679.06067,301592912584.8862,0.95,0.95,3.209615156193645e+26,1064556774683044.4,73.11462558797359,176.97555079488194,True,"{""records_checked"": 0, ""max_relative_difference"": null, ""tolerance"": 1e-06}","{""ATE|lin-SQ"": [26.071859427420378, 9.813312197957874, 45.755015567753325], ""ATE|lin-UKL1"": [22.40742620323621, 14.741094265137384, 22.999984491268656], ""ATE|lin-BKL1"": [NaN, NaN, NaN], ""ATE|lin-BP"": [4.174843594782583, 3.061769149752876, 5.407755744623496], ""ATE|rkhs-SQ"": [15.946967877359315, 7.9477121922514105, 22.492744992953064], ""ATE|rkhs-UKL1"": [39.26425239362995, 9.13855365756122, 86.14503574021246], ""ATE|rkhs-BKL1"": [4.859259365462589, 3.8981575409480915, 5.794333828283348], ""ATE|rkhs-BP"": [4.7525125369156855, 2.965254698373912, 6.266533706691049], ""ATT|lin-SQ"": [2.389456665819919, 1.6754825359213055, 3.847406364659366], ""ATT|lin-UKL0"": [2.625329376666357, 1.700288942207012, 4.222289972641773], ""ATT|lin-BKL005"": [NaN, NaN, NaN], ""ATT|lin-BP"": [2.6610216722514757, 1.8513501654077944, 4.060529271674102], ""ATT|rkhs-SQ"": [1.5265823215142167, 1.1844484181391592, 2.533363448071413], ""ATT|rkhs-UKL0"": [2.0764619518575764, 1.620685422477727, 3.499698011320332], ""ATT|rkhs-BKL005"": [1.947965495648197, 1.4580333057196364, 3.020188906682036], ""ATT|rkhs-BP"": [1.3873551462888265, 1.1030500376157713, 2.212369675413148]}"
ATE|lin-BKL1|ARW,100,0,1.0,,"{""cv_failed"": 100}",,,,0.0,,,,,,False,"{""records_checked"": 0, ""max_relative_difference"": null, ""tolerance"": 1e-06}","{""ATE|lin-SQ"": [26.071859427420378, 9.813312197957874, 45.755015567753325], ""ATE|lin-UKL1"": [22.40742620323621, 14.741094265137384, 22.999984491268656], ""ATE|lin-BKL1"": [NaN, NaN, NaN], ""ATE|lin-BP"": [4.174843594782583, 3.061769149752876, 5.407755744623496], ""ATE|rkhs-SQ"": [15.946967877359315, 7.9477121922514105, 22.492744992953064], ""ATE|rkhs-UKL1"": [39.26425239362995, 9.13855365756122, 86.14503574021246], ""ATE|rkhs-BKL1"": [4.859259365462589, 3.8981575409480915, 5.794333828283348], ""ATE|rkhs-BP"": [4.7525125369156855, 2.965254698373912, 6.266533706691049], ""ATT|lin-SQ"": [2.389456665819919, 1.6754825359213055, 3.847406364659366], ""ATT|lin-UKL0"": [2.625329376666357, 1.700288942207012, 4.222289972641773], ""ATT|lin-BKL005"": [NaN, NaN, NaN], ""ATT|lin-BP"": [2.6610216722514757, 1.8513501654077944, 4.060529271674102], ""ATT|rkhs-SQ"": [1.5265823215142167, 1.1844484181391592, 2.533363448071413], ""ATT|rkhs-UKL0"": [2.0764619518575764, 1.620685422477727, 3.499698011320332], ""ATT|rkhs-BKL005"": [1.947965495648197, 1.4580333057196364, 3.020188906682036], ""ATT|rkhs-BP"": [1.3873551462888265, 1.1030500376157713, 2.212369675413148]}"
ATE|lin-BKL1|RW,100,0,1.0,,"{""cv_failed"": 100}",,,,0.0,,,,,,False,"{""records_checked"": 0, ""max_relative_difference"": null, ""tolerance"": 1e-06}","{""ATE|lin-SQ"": [26.071859427420378, 9.813312197957874, 45.755015567753325], ""ATE|lin-UKL1"": [22.40742620323621, 14.741094265137384, 22.999984491268656], ""ATE|lin-BKL1"": [NaN, NaN, NaN], ""ATE|lin-BP"": [4.174843594782583, 3.061769149752876, 5.407755744623496], ""ATE|rkhs-SQ"": [15.946967877359315, 7.9477121922514105, 22.492744992953064], ""ATE|rkhs-UKL1"": [39.26425239362995, 9.13855365756122, 86.14503574021246], ""ATE|rkhs-BKL1"": [4.859259365462589, 3.8981575409480915, 5.794333828283348], ""ATE|rkhs-BP"": [4.7525125369156855, 2.965254698373912, 6.266533706691049], ""ATT|lin-SQ"": [2.389456665819919, 1.6754825359213055, 3.847406364659366], ""ATT|lin-UKL0"": [2.625329376666357, 1.700288942207012, 4.222289972641773], ""ATT|lin-BKL005"": [NaN, NaN, NaN], ""ATT|lin-BP"": [2.6610216722514757, 1.8513501654077944, 4.060529271674102], ""ATT|rkhs-SQ"": [1.5265823215142167, 1.1844484181391592, 2.533363448071413], ""ATT|rkhs-UKL0"": [2.0764619518575764, 1.620685422477727, 3.499698011320332], ""ATT|rkhs-BKL005"": [1.947965495648197, 1.4580333057196364, 3.020188906682036], ""ATT|rkhs-BP"": [1.3873551462888265, 1.1030500376157713, 2.212369675413148]}"
ATE|lin-BKL1|TMLE,100,0,1.0,,"{""cv_failed"": 100}",,,,0.0,,,,,,False,"{""records_checked"": 0, ""max_relative_difference"": null, ""tolerance"": 1e-06}","{""ATE|lin-SQ"": [26.071859427420378, 9.813312197957874, 45.755015567753325], ""ATE|lin-UKL1"": [22.40742620323621, 14.741094265137384, 22.999984491268656], ""ATE|lin-BKL1"": [NaN, NaN, NaN], ""ATE|lin-BP"": [4.174843594782583, 3.061769149752876, 5.407755744623496], ""ATE|rkhs-SQ"": [15.946967877359315, 7.9477121922514105, 22.492744992953064], ""ATE|rkhs-UKL1"": [39.26425239362995, 9.13855365756122, 86.14503574021246], ""ATE|rkhs-BKL1"": [4.859259365462589, 3.8981575409480915, 5.794333828283348], ""ATE|rkhs-BP"": [4.7525125369156855, 2.965254698373912, 6.266533706691049], ""ATT|lin-SQ"": [2.389456665819919, 1.6754825359213055, 3.847406364659366], ""ATT|lin-UKL0"": [2.625329376666357, 1.700288942207012, 4.222289972641773], ""ATT|lin-BKL005"": [NaN, NaN, NaN], ""ATT|lin-BP"": [2.6610216722514757, 1.8513501654077944, 4.060529271674102], ""ATT|rkhs-SQ"": [1.5265823215142167, 1.1844484181391592, 2.533363448071413], ""ATT|rkhs-UKL0"": [2.0764619518575764, 1.620685422477727, 3.499698011320332], ""ATT|rkhs-BKL005"": [1.947965495648197, 1.4580333057196364, 3.020188906682036], ""ATT|rkhs-BP"": [1.3873551462888265, 1.1030500376157713, 2.212369675413148]}"
ATE|lin-BP|ARW,100,100,0.0,0.029513049607039925,"{""ok"": 100}",-0.006202589745179977,0.16623860270431715,0.1655215768966088,0.96,0.96,0.25898420780687426,1.5579065487425956,14.480936506815087,407.5242437802688,True,"{""records_checked"": 0, ""max_relative_difference"": null, ""tolerance"": 1e-06}","{""ATE|lin-SQ"": [26.071859427420378, 9.813312197957874, 45.755015567753325], ""ATE|lin-UKL1"": [22.40742620323621, 14.741094265137384, 22.999984491268656], ""ATE|lin-BKL1"": [NaN, NaN, NaN], ""ATE|lin-BP"": [4.174843594782583, 3.061769149752876, 5.407755744623496], ""ATE|rkhs-SQ"": [15.946967877359315, 7.9477121922514105, 22.492744992953064], ""ATE|rkhs-UKL1"": [39.26425239362995, 9.13855365756122, 86.14503574021246], ""ATE|rkhs-BKL1"": [4.859259365462589, 3.8981575409480915, 5.794333828283348], ""ATE|rkhs-BP"": [4.7525125369156855, 2.965254698373912, 6.266533706691049], ""ATT|lin-SQ"": [2.389456665819919, 1.6754825359213055, 3.847406364659366], ""ATT|lin-UKL0"": [2.625329376666357, 1.700288942207012, 4.222289972641773], ""ATT|lin-BKL005"": [NaN, NaN, NaN], ""ATT|lin-BP"": [2.6610216722514757, 1.8513501654077944, 4.060529271674102], ""ATT|rkhs-SQ"": [1.5265823215142167, 1.1844484181391592, 2.533363448071413], ""ATT|rkhs-UKL0"": [2.0764619518575764, 1.620685422477727, 3.499698011320332], ""ATT|rkhs-BKL005"": [1.947965495648197, 1.4580333057196364, 3.020188906682036], ""ATT|rkhs-BP"": [1.3873551462888265, 1.1030500376157713, 2.212369675413148]}"
ATE|lin-BP|RW,100,100,0.0,0.029513049607039925,"{""ok"": 100}",-0.5271905011540914,0.6940201657057252,0.8687791290133773,0.53,0.53,0.2589842078068742,0.3731652487986744,14.480936506815087,407.5242437802688,False,"{""records_checked"": 0, ""max_relative_difference"": null, ""tolerance"": 1e-06}","{""ATE|lin-SQ"": [26.071859427420378, 9.813312197957874, 45.755015567753325], ""ATE|lin-UKL1"": [22.40742620323621, 14.741094265137384, 22.999984491268656], ""ATE|lin-BKL1"": [NaN, NaN, NaN], ""ATE|lin-BP"": [4.174843594782583, 3.061769149752876, 5.407755744623496], ""ATE|rkhs-SQ"": [15.946967877359315, 7.9477121922514105, 22.492744992953064], ""ATE|rkhs-UKL1"": [39.26425239362995, 9.13855365756122, 86.14503574021246], ""ATE|rkhs-BKL1"": [4.859259365462589, 3.8981575409480915, 5.794333828283348], ""ATE|rkhs-BP"": [4.7525125369156855, 2.965254698373912, 6.266533706691049], ""ATT|lin-SQ"": [2.389456665819919, 1.6754825359213055, 3.847406364659366], ""ATT|lin-UKL0"": [2.625329376666357, 1.700288942207012, 4.222289972641773], ""ATT|lin-BKL005"": [NaN, NaN, NaN], ""ATT|lin-BP"": [2.6610216722514757, 1.8513501654077944, 4.060529271674102], ""ATT|rkhs-SQ"": [1.5265823215142167, 1.1844484181391592, 2.533363448071413], ""ATT|rkhs-UKL0"": [2.0764619518575764, 1.620685422477727, 3.499698011320332], ""ATT|rkhs-BKL005"": [1.947965495648197, 1.4580333057196364, 3.020188906682036], ""ATT|rkhs-BP"": [1.3873551462888265, 1.1030500376157713, 2.212369675413148]}"
ATE|lin-BP|TMLE,100,100,0.0,0.029513049607039925,"{""ok"": 100}",-0.0059727023866525085,0.16647916666477894,0.1657523242004913,0.96,0.96,0.25888012471923155,1.5550301572599197,14.480936506815087,407.5242437802688,True,"{""records_checked"": 0, ""max_relative_difference"": null, ""tolerance"": 1e-06}","{""ATE|lin-SQ"": [26.071859427420378, 9.813312197957874, 45.755015567753325], ""ATE|lin-UKL1"": [22.40742620323621, 14.741094265137384, 22.999984491268656], ""ATE|lin-BKL1"": [NaN, NaN, NaN], ""ATE|lin-BP"": [4.174843594782583, 3.061769149752876, 5.407755744623496], ""ATE|rkhs-SQ"": [15.946967877359315, 7.9477121922514105, 22.492744992953064], ""ATE|rkhs-UKL1"": [39.26425239362995, 9.13855365756122, 86.14503574021246], ""ATE|rkhs-BKL1"": [4.859259365462589, 3.8981575409480915, 5.794333828283348], ""ATE|rkhs-BP"": [4.7525125369156855, 2.965254698373912, 6.266533706691049], ""ATT|lin-SQ"": [2.389456665819919, 1.6754825359213055, 3.847406364659366], ""ATT|lin-UKL0"": [2.625329376666357, 1.700288942207012, 4.222289972641773], ""ATT|lin-BKL005"": [NaN, NaN, NaN], ""ATT|lin-BP"": [2.6610216722514757, 1.8513501654077944, 4.060529271674102], ""ATT|rkhs-SQ"": [1.5265823215142167, 1.1844484181391592, 2.533363448071413], ""ATT|rkhs-UKL0"": [2.0764619518575764, 1.620685422477727, 3.499698011320332], ""ATT|rkhs-BKL005"": [1.947965495648197, 1.4580333057196364, 3.020188906682036], ""ATT|rkhs-BP"": [1.3873551462888265, 1.1030500376157713, 2.212369675413148]}"
ATE|rkhs-SQ|ARW,100,100,0.0,0.029513049607039925,"{""ok"": 100}",-0.02378786051146206,0.17549964509834548,0.17623276222956258,0.95,0.95,0.27485699516976564,1.566139891711706,18.912420448238507,335.6297401100928,True,"{""records_checked"": 0, ""max_relative_difference"": null, ""tolerance"": 1e-06}","{""ATE|lin-SQ"": [26.071859427420378, 9.813312197957874, 45.755015567753325], ""ATE|lin-UKL1"": [22.40742620323621, 14.741094265137384, 22.999984491268656], ""ATE|lin-BKL1"": [NaN, NaN, NaN], ""ATE|lin-BP"": [4.174843594782583, 3.061769149752876, 5.407755744623496], ""ATE|rkhs-SQ"": [15.946967877359315, 7.9477121922514105, 22.492744992953064], ""ATE|rkhs-UKL1"": [39.26425239362995, 9.13855365756122, 86.14503574021246], ""ATE|rkhs-BKL1"": [4.859259365462589, 3.8981575409480915, 5.794333828283348], ""ATE|rkhs-BP"": [4.7525125369156855, 2.965254698373912, 6.266533706691049], ""ATT|lin-SQ"": [2.389456665819919, 1.6754825359213055, 3.847406364659366], ""ATT|lin-UKL0"": [2.625329376666357, 1.700288942207012, 4.222289972641773], ""ATT|lin-BKL005"": [NaN, NaN, NaN], ""ATT|lin-BP"": [2.6610216722514757, 1.8513501654077944, 4.060529271674102], ""ATT|rkhs-SQ"": [1.5265823215142167, 1.1844484181391592, 2.533363448071413], ""ATT|rkhs-UKL0"": [2.0764619518575764, 1.620685422477727, 3.499698011320332], ""ATT|rkhs-BKL005"": [1.947965495648197, 1.4580333057196364, 3.020188906682036], ""ATT|rkhs-BP"": [1.3873551462888265, 1.1030500376157713, 2.212369675413148]}"
ATE|rkhs-SQ|RW,100,100,0.0,0.029513049607039925,"{""ok"": 100}",1.7752398612061284,2.798687202871276,3.302393090432368,0.07,0.07,0.27485699516976564,0.09820925857229768,18.912420448238507,335.6297401100928,False,"{""records_checked"": 0, ""max_relative_difference"": null, ""tolerance"": 1e-06}","{""ATE|lin-SQ"": [26.071859427420378, 9.813312197957874, 45.755015567753325], ""ATE|lin-UKL1"": [22.40742620323621, 14.741094265137384, 22.999984491268656], ""ATE|lin-BKL1"": [NaN, NaN, NaN], ""ATE|lin-BP"": [4.174843594782583, 3.061769149752876, 5.407755744623496], ""ATE|rkhs-SQ"": [15.946967877359315, 7.9477121922514105, 22.492744992953064], ""ATE|rkhs-UKL1"": [39.26425239362995, 9.13855365756122, 86.14503574021246], ""ATE|rkhs-BKL1"": [4.859259365462589, 3.8981575409480915, 5.794333828283348], ""ATE|rkhs-BP"": [4.7525125369156855, 2.965254698373912, 6.266533706691049], ""ATT|lin-SQ"": [2.389456665819919, 1.6754825359213055, 3.847406364659366], ""ATT|lin-UKL0"": [2.625329376666357, 1.700288942207012, 4.222289972641773], ""ATT|lin-BKL005"": [NaN, NaN, NaN], ""ATT|lin-BP"": [2.6610216722514757, 1.8513501654077944, 4.060529271674102], ""ATT|rkhs-SQ"": [1.5265823215142167, 1.1844484181391592, 2.533363448071413], ""ATT|rkhs-UKL0"": [2.0764619518575764, 1.620685422477727, 3.499698011320332], ""ATT|rkhs-BKL005"": [1.947965495648197, 1.4580333057196364, 3.020188906682036], ""ATT|rkhs-BP"": [1.3873551462888265, 1.1030500376157713, 2.212369675413148]}"
ATE|rkhs-SQ|TMLE,100,100,0.0,0.029513049607039925,"{""ok"": 100}",-0.020062469880112958,0.16882414506320192,0.1691717433097155,0.95,0.95,0.27267724417147854,1.6151554866124014,18.912420448238507,335.6297401100928,True,"{""records_checked"": 0, ""max_relative_difference"": null, ""tolerance"": 1e-06}","{""ATE|lin-SQ"": [26.071859427420378, 9.813312197957874, 45.755015567753325], ""ATE|lin-UKL1"": [22.40742620323621, 14.741094265137384, 22.999984491268656], ""ATE|lin-BKL1"": [NaN, NaN, NaN], ""ATE|lin-BP"": [4.174843594782583, 3.061769149752876, 5.407755744623496], ""ATE|rkhs-SQ"": [15.946967877359315, 7.9477121922514105, 22.492744992953064], ""ATE|rkhs-UKL1"": [39.26425239362995, 9.13855365756122, 86.14503574021246], ""ATE|rkhs-BKL1"": [4.859259365462589, 3.8981575409480915, 5.794333828283348], ""ATE|rkhs-BP"": [4.7525125369156855, 2.965254698373912, 6.266533706691049], ""ATT|lin-SQ"": [2.389456665819919, 1.6754825359213055, 3.847406364659366], ""ATT|lin-UKL0"": [2.625329376666357, 1.700288942207012, 4.222289972641773], ""ATT|lin-BKL005"": [NaN, NaN, NaN], ""ATT|lin-BP"": [2.6610216722514757, 1.8513501654077944, 4.060529271674102], ""ATT|rkhs-SQ"": [1.5265823215142167, 1.1844484181391592, 2.533363448071413], ""ATT|rkhs-UKL0"": [2.0764619518575764, 1.620685422477727, 3.499698011320332], ""ATT|rkhs-BKL005"": [1.947965495648197, 1.4580333057196364, 3.020188906682036], ""ATT|rkhs-BP"": [1.3873551462888265, 1.1030500376157713, 2.212369675413148]}"
ATE|rkhs-UKL1|ARW,100,100,0.0,0.029513049607039925,"{""ok"": 100}",-3.570985017224122e+35,3.5709850172241214e+36,3.570985017224122e+36,0.96,0.96,3.568593999200957e+35,0.09993304317963722,169.15374943442444,72.28893716651058,True,"{""records_checked"": 0, ""max_relative_difference"": null, ""tolerance"": 1e-06}","{""ATE|lin-SQ"": [26.071859427420378, 9.813312197957874, 45.755015567753325], ""ATE|lin-UKL1"": [22.40742620323621, 14.741094265137384, 22.999984491268656], ""ATE|lin-BKL1"": [NaN, NaN, NaN], ""ATE|lin-BP"": [4.174843594782583, 3.061769149752876, 5.407755744623496], ""ATE|rkhs-SQ"": [15.946967877359315, 7.9477121922514105, 22.492744992953064], ""ATE|rkhs-UKL1"": [39.26425239362995, 9.13855365756122, 86.14503574021246], ""ATE|rkhs-BKL1"": [4.859259365462589, 3.8981575409480915, 5.794333828283348], ""ATE|rkhs-BP"": [4.7525125369156855, 2.965254698373912, 6.266533706691049], ""ATT|lin-SQ"": [2.389456665819919, 1.6754825359213055, 3.847406364659366], ""ATT|lin-UKL0"": [2.625329376666357, 1.700288942207012, 4.222289972641773], ""ATT|lin-BKL005"": [NaN, NaN, NaN], ""ATT|lin-BP"": [2.6610216722514757, 1.8513501654077944, 4.060529271674102], ""ATT|rkhs-SQ"": [1.5265823215142167, 1.1844484181391592, 2.533363448071413], ""ATT|rkhs-UKL0"": [2.0764619518575764, 1.620685422477727, 3.499698011320332], ""ATT|rkhs-BKL005"": [1.947965495648197, 1.4580333057196364, 3.020188906682036], ""ATT|rkhs-BP"": [1.3873551462888265, 1.1030500376157713, 2.212369675413148]}"
ATE|rkhs-UKL1|RW,100,100,0.0,0.029513049607039925,"{""ok"": 100}",1.4021205701015775e+37,1.4021205701015773e+38,1.4021205701015775e+38,0.12,0.12,3.568593999200958e+35,0.002545140607232108,169.15374943442444,72.28893716651058,False,"{""records_checked"": 0, ""max_relative_difference"": null, ""tolerance"": 1e-06}","{""ATE|lin-SQ"": [26.071859427420378, 9.813312197957874, 45.755015567753325], ""ATE|lin-UKL1"": [22.40742620323621, 14.741094265137384, 22.999984491268656], ""ATE|lin-BKL1"": [NaN, NaN, NaN], ""ATE|lin-BP"": [4.174843594782583, 3.061769149752876, 5.407755744623496], ""ATE|rkhs-SQ"": [15.946967877359315, 7.9477121922514105, 22.492744992953064], ""ATE|rkhs-UKL1"": [39.26425239362995, 9.13855365756122, 86.14503574021246], ""ATE|rkhs-BKL1"": [4.859259365462589, 3.8981575409480915, 5.794333828283348], ""ATE|rkhs-BP"": [4.7525125369156855, 2.965254698373912, 6.266533706691049], ""ATT|lin-SQ"": [2.389456665819919, 1.6754825359213055, 3.847406364659366], ""ATT|lin-UKL0"": [2.625329376666357, 1.700288942207012, 4.222289972641773], ""ATT|lin-BKL005"": [NaN, NaN, NaN], ""ATT|lin-BP"": [2.6610216722514757, 1.8513501654077944, 4.060529271674102], ""ATT|rkhs-SQ"": [1.5265823215142167, 1.1844484181391592, 2.533363448071413], ""ATT|rkhs-UKL0"": [2.0764619518575764, 1.620685422477727, 3.499698011320332], ""ATT|rkhs-BKL005"": [1.947965495648197, 1.4580333057196364, 3.020188906682036], ""ATT|rkhs-BP"": [1.3873551462888265, 1.1030500376157713, 2.212369675413148]}"
ATE|rkhs-UKL1|TMLE,100,100,0.0,0.029513049607039925,"{""ok"": 100}",-5.021522061633422,50.40856768981153,50.40663789014695,0.96,0.96,80.3845955017941,1.5946613678142905,169.15374943442444,72.28893716651058,True,"{""records_checked"": 0, ""max_relative_difference"": null, ""tolerance"": 1e-06}","{""ATE|lin-SQ"": [26.071859427420378, 9.813312197957874, 45.755015567753325], ""ATE|lin-UKL1"": [22.40742620323621, 14.741094265137384, 22.999984491268656], ""ATE|lin-BKL1"": [NaN, NaN, NaN], ""ATE|lin-BP"": [4.174843594782583, 3.061769149752876, 5.407755744623496], ""ATE|rkhs-SQ"": [15.946967877359315, 7.9477121922514105, 22.492744992953064], ""ATE|rkhs-UKL1"": [39.26425239362995, 9.13855365756122, 86.14503574021246], ""ATE|rkhs-BKL1"": [4.859259365462589, 3.8981575409480915, 5.794333828283348], ""ATE|rkhs-BP"": [4.7525125369156855, 2.965254698373912, 6.266533706691049], ""ATT|lin-SQ"": [2.389456665819919, 1.6754825359213055, 3.847406364659366], ""ATT|lin-UKL0"": [2.625329376666357, 1.700288942207012, 4.222289972641773], ""ATT|lin-BKL005"": [NaN, NaN, NaN], ""ATT|lin-BP"": [2.6610216722514757, 1.8513501654077944, 4.060529271674102], ""ATT|rkhs-SQ"": [1.5265823215142167, 1.1844484181391592, 2.533363448071413], ""ATT|rkhs-UKL0"": [2.0764619518575764, 1.620685422477727, 3.499698011320332], ""ATT|rkhs-BKL005"": [1.947965495648197, 1.4580333057196364, 3.020188906682036], ""ATT|rkhs-BP"": [1.3873551462888265, 1.1030500376157713, 2.212369675413148]}"
ATE|rkhs-BKL1|ARW,100,100,0.0,0.029513049607039925,"{""ok"": 100}",-0.007766665806438905,0.16222181784962397,0.16159542104379418,0.96,0.96,0.25379378509433254,1.5644861366896636,7.335459148008674,467.3146489481742,True,"{""records_checked"": 0, ""max_relative_difference"": null, ""tolerance"": 1e-06}","{""ATE|lin-SQ"": [26.071859427420378, 9.813312197957874, 45.755015567753325], ""ATE|lin-UKL1"": [22.40742620323621, 14.741094265137384, 22.999984491268656], ""ATE|lin-BKL1"": [NaN, NaN, NaN], ""ATE|lin-BP"": [4.174843594782583, 3.061769149752876, 5.407755744623496], ""ATE|rkhs-SQ"": [15.946967877359315, 7.9477121922514105, 22.492744992953064], ""ATE|rkhs-UKL1"": [39.26425239362995, 9.13855365756122, 86.14503574021246], ""ATE|rkhs-BKL1"": [4.859259365462589, 3.8981575409480915, 5.794333828283348], ""ATE|rkhs-BP"": [4.7525125369156855, 2.965254698373912, 6.266533706691049], ""ATT|lin-SQ"": [2.389456665819919, 1.6754825359213055, 3.847406364659366], ""ATT|lin-UKL0"": [2.625329376666357, 1.700288942207012, 4.222289972641773], ""ATT|lin-BKL005"": [NaN, NaN, NaN], ""ATT|lin-BP"": [2.6610216722514757, 1.8513501654077944, 4.060529271674102], ""ATT|rkhs-SQ"": [1.5265823215142167, 1.1844484181391592, 2.533363448071413], ""ATT|rkhs-UKL0"": [2.0764619518575764, 1.620685422477727, 3.499698011320332], ""ATT|rkhs-BKL005"": [1.947965495648197, 1.4580333057196364, 3.020188906682036], ""ATT|rkhs-BP"": [1.3873551462888265, 1.1030500376157713, 2.212369675413148]}"
ATE|rkhs-BKL1|RW,100,100,0.0,0.029513049607039925,"{""ok"": 100}",-0.9062123922089388,0.7882778876681513,1.1984945171746697,0.11,0.11,0.2537937850943326,0.3219597924344854,7.335459148008674,467.3146489481742,False,"{""records_checked"": 0, ""max_relative_difference"": null, ""tolerance"": 1e-06}","{""ATE|lin-SQ"": [26.071859427420378, 9.813312197957874, 45.755015567753325], ""ATE|lin-UKL1"": [22.40742620323621, 14.741094265137384, 22.999984491268656], ""ATE|lin-BKL1"": [NaN, NaN, NaN], ""ATE|lin-BP"": [4.174843594782583, 3.061769149752876, 5.407755744623496], ""ATE|rkhs-SQ"": [15.946967877359315, 7.9477121922514105, 22.492744992953064], ""ATE|rkhs-UKL1"": [39.26425239362995, 9.13855365756122, 86.14503574021246], ""ATE|rkhs-BKL1"": [4.859259365462589, 3.8981575409480915, 5.794333828283348], ""ATE|rkhs-BP"": [4.7525125369156855, 2.965254698373912, 6.266533706691049], ""ATT|lin-SQ"": [2.389456665819919, 1.6754825359213055, 3.847406364659366], ""ATT|lin-UKL0"": [2.625329376666357, 1.700288942207012, 4.222289972641773], ""ATT|lin-BKL005"": [NaN, NaN, NaN], ""ATT|lin-BP"": [2.6610216722514757, 1.8513501654077944, 4.060529271674102], ""ATT|rkhs-SQ"": [1.5265823215142167, 1.1844484181391592, 2.533363448071413], ""ATT|rkhs-UKL0"": [2.0764619518575764, 1.620685422477727, 3.499698011320332], ""ATT|rkhs-BKL005"": [1.947965495648197, 1.4580333057196364, 3.020188906682036], ""ATT|rkhs-BP"": [1.3873551462888265, 1.1030500376157713, 2.212369675413148]}"
ATE|rkhs-BKL1|TMLE,100,100,0.0,0.029513049607039925,"{""ok"": 100}",-0.007677915994858395,0.16236646545009753,0.16173493996584115,0.96,0.96,0.2538158044841882,1.5632279964990503,7.335459148008674,467.3146489481742,True,"{""records_checked"": 0, ""max_relative_difference"": null, ""tolerance"": 1e-06}","{""ATE|lin-SQ"": [26.071859427420378, 9.813312197957874, 45.755015567753325], ""ATE|lin-UKL1"": [22.40742620323621, 14.741094265137384, 22.999984491268656], ""ATE|lin-BKL1"": [NaN, NaN, NaN], ""ATE|lin-BP"": [4.174843594782583, 3.061769149752876, 5.407755744623496], ""ATE|rkhs-SQ"": [15.946967877359315, 7.9477121922514105, 22.492744992953064], ""ATE|rkhs-UKL1"": [39.26425239362995, 9.13855365756122, 86.14503574021246], ""ATE|rkhs-BKL1"": [4.859259365462589, 3.8981575409480915, 5.794333828283348], ""ATE|rkhs-BP"": [4.7525125369156855, 2.965254698373912, 6.266533706691049], ""ATT|lin-SQ"": [2.389456665819919, 1.6754825359213055, 3.847406364659366], ""ATT|lin-UKL0"": [2.625329376666357, 1.700288942207012, 4.222289972641773], ""ATT|lin-BKL005"": [NaN, NaN, NaN], ""ATT|lin-BP"": [2.6610216722514757, 1.8513501654077944, 4.060529271674102], ""ATT|rkhs-SQ"": [1.5265823215142167, 1.1844484181391592, 2.533363448071413], ""ATT|rkhs-UKL0"": [2.0764619518575764, 1.620685422477727, 3.499698011320332], ""ATT|rkhs-BKL005"": [1.947965495648197, 1.4580333057196364, 3.020188906682036], ""ATT|rkhs-BP"": [1.3873551462888265, 1.1030500376157713, 2.212369675413148]}"
ATE|rkhs-BP|ARW,100,100,0.0,0.029513049607039925,"{""ok"": 100}",-0.013424962273984674,0.16686782315830875,0.16657326110031762,0.96,0.96,0.26376340863761283,1.5806726764055554,15.314986286399707,386.6510859084747,True,"{""records_checked"": 0, ""max_relative_difference"": null, ""tolerance"": 1e-06}","{""ATE|lin-SQ"": [26.071859427420378, 9.813312197957874, 45.755015567753325], ""ATE|lin-UKL1"": [22.40742620323621, 14.741094265137384, 22.999984491268656], ""ATE|lin-BKL1"": [NaN, NaN, NaN], ""ATE|lin-BP"": [4.174843594782583, 3.061769149752876, 5.407755744623496], ""ATE|rkhs-SQ"": [15.946967877359315, 7.9477121922514105, 22.492744992953064], ""ATE|rkhs-UKL1"": [39.26425239362995, 9.13855365756122, 86.14503574021246], ""ATE|rkhs-BKL1"": [4.859259365462589, 3.8981575409480915, 5.794333828283348], ""ATE|rkhs-BP"": [4.7525125369156855, 2.965254698373912, 6.266533706691049], ""ATT|lin-SQ"": [2.389456665819919, 1.6754825359213055, 3.847406364659366], ""ATT|lin-UKL0"": [2.625329376666357, 1.700288942207012, 4.222289972641773], ""ATT|lin-BKL005"": [NaN, NaN, NaN], ""ATT|lin-BP"": [2.6610216722514757, 1.8513501654077944, 4.060529271674102], ""ATT|rkhs-SQ"": [1.5265823215142167, 1.1844484181391592, 2.533363448071413], ""ATT|rkhs-UKL0"": [2.0764619518575764, 1.620685422477727, 3.499698011320332], ""ATT|rkhs-BKL005"": [1.947965495648197, 1.4580333057196364, 3.020188906682036], ""ATT|rkhs-BP"": [1.3873551462888265, 1.1030500376157713, 2.212369675413148]}"
ATE|rkhs-BP|RW,100,100,0.0,0.029513049607039925,"{""ok"": 100}",0.7127142104882177,0.793041421567692,1.0632906917634182,0.3,0.3,0.26376340863761283,0.33259726599930023,15.314986286399707,386.6510859084747,False,"{""records_checked"": 0, ""max_relative_difference"": null, ""tolerance"": 1e-06}","{""ATE|lin-SQ"": [26.071859427420378, 9.813312197957874, 45.755015567753325], ""ATE|lin-UKL1"": [22.40742620323621, 14.741094265137384, 22.999984491268656], ""ATE|lin-BKL1"": [NaN, NaN, NaN], ""ATE|lin-BP"": [4.174843594782583, 3.061769149752876, 5.407755744623496], ""ATE|rkhs-SQ"": [15.946967877359315, 7.9477121922514105, 22.492744992953064], ""ATE|rkhs-UKL1"": [39.26425239362995, 9.13855365756122, 86.14503574021246], ""ATE|rkhs-BKL1"": [4.859259365462589, 3.8981575409480915, 5.794333828283348], ""ATE|rkhs-BP"": [4.7525125369156855, 2.965254698373912, 6.266533706691049], ""ATT|lin-SQ"": [2.389456665819919, 1.6754825359213055, 3.847406364659366], ""ATT|lin-UKL0"": [2.625329376666357, 1.700288942207012, 4.222289972641773], ""ATT|lin-BKL005"": [NaN, NaN, NaN], ""ATT|lin-BP"": [2.6610216722514757, 1.8513501654077944, 4.060529271674102], ""ATT|rkhs-SQ"": [1.5265823215142167, 1.1844484181391592, 2.533363448071413], ""ATT|rkhs-UKL0"": [2.0764619518575764, 1.620685422477727, 3.499698011320332], ""ATT|rkhs-BKL005"": [1.947965495648197, 1.4580333057196364, 3.020188906682036], ""ATT|rkhs-BP"": [1.3873551462888265, 1.1030500376157713, 2.212369675413148]}"
ATE|rkhs-BP|TMLE,100,100,0.0,0.029513049607039925,"{""ok"": 100}",-0.013507652490545167,0.16717870631997633,0.16688825400296456,0.96,0.96,0.26363128649662926,1.576942974974605,15.314986286399707,386.6510859084747,True,"{""records_checked"": 0, ""max_relative_difference"": null, ""tolerance"": 1e-06}","{""ATE|lin-SQ"": [26.071859427420378, 9.813312197957874, 45.755015567753325], ""ATE|lin-UKL1"": [22.40742620323621, 14.741094265137384, 22.999984491268656], ""ATE|lin-BKL1"": [NaN, NaN, NaN], ""ATE|lin-BP"": [4.174843594782583, 3.061769149752876, 5.407755744623496], ""ATE|rkhs-SQ"": [15.946967877359315, 7.9477121922514105, 22.492744992953064], ""ATE|rkhs-UKL1"": [39.26425239362995, 9.13855365756122, 86.14503574021246], ""ATE|rkhs-BKL1"": [4.859259365462589, 3.8981575409480915, 5.794333828283348], ""ATE|rkhs-BP"": [4.7525125369156855, 2.965254698373912, 6.266533706691049], ""ATT|lin-SQ"": [2.389456665819919, 1.6754825359213055, 3.847406364659366], ""ATT|lin-UKL0"": [2.625329376666357, 1.700288942207012, 4.222289972641773], ""ATT|lin-BKL005"": [NaN, NaN, NaN], ""ATT|lin-BP"": [2.6610216722514757, 1.8513501654077944, 4.060529271674102], ""ATT|rkhs-SQ"": [1.5265823215142167, 1.1844484181391592, 2.533363448071413], ""ATT|rkhs-UKL0"": [2.0764619518575764, 1.620685422477727, 3.499698011320332], ""ATT|rkhs-BKL005"": [1.947965495648197, 1.4580333057196364, 3.020188906682036], ""ATT|rkhs-BP"": [1.3873551462888265, 1.1030500376157713, 2.212369675413148]}"
ATE|EB|ARW,100,0,1.0,,"{""domain_prediction"": 4, ""singular"": 94, ""uncertified_numerical_boundary"": 2}",,,,0.0,,,,,,False,"{""records_checked"": 0, ""max_relative_difference"": null, ""tolerance"": 1e-06}","{""ATE|lin-SQ"": [26.071859427420378, 9.813312197957874, 45.755015567753325], ""ATE|lin-UKL1"": [22.40742620323621, 14.741094265137384, 22.999984491268656], ""ATE|lin-BKL1"": [NaN, NaN, NaN], ""ATE|lin-BP"": [4.174843594782583, 3.061769149752876, 5.407755744623496], ""ATE|rkhs-SQ"": [15.946967877359315, 7.9477121922514105, 22.492744992953064], ""ATE|rkhs-UKL1"": [39.26425239362995, 9.13855365756122, 86.14503574021246], ""ATE|rkhs-BKL1"": [4.859259365462589, 3.8981575409480915, 5.794333828283348], ""ATE|rkhs-BP"": [4.7525125369156855, 2.965254698373912, 6.266533706691049], ""ATT|lin-SQ"": [2.389456665819919, 1.6754825359213055, 3.847406364659366], ""ATT|lin-UKL0"": [2.625329376666357, 1.700288942207012, 4.222289972641773], ""ATT|lin-BKL005"": [NaN, NaN, NaN], ""ATT|lin-BP"": [2.6610216722514757, 1.8513501654077944, 4.060529271674102], ""ATT|rkhs-SQ"": [1.5265823215142167, 1.1844484181391592, 2.533363448071413], ""ATT|rkhs-UKL0"": [2.0764619518575764, 1.620685422477727, 3.499698011320332], ""ATT|rkhs-BKL005"": [1.947965495648197, 1.4580333057196364, 3.020188906682036], ""ATT|rkhs-BP"": [1.3873551462888265, 1.1030500376157713, 2.212369675413148]}"
ATE|LogitAIPW,100,100,0.0,0.029513049607039925,"{""ok"": 100}",-0.02726637059713491,0.1768918514034121,0.17810467368246644,0.96,0.96,0.26836748997013726,1.5171274868852476,23.84221897951922,359.49684284691614,True,"{""records_checked"": 0, ""max_relative_difference"": null, ""tolerance"": 1e-06}","{""ATE|lin-SQ"": [26.071859427420378, 9.813312197957874, 45.755015567753325], ""ATE|lin-UKL1"": [22.40742620323621, 14.741094265137384, 22.999984491268656], ""ATE|lin-BKL1"": [NaN, NaN, NaN], ""ATE|lin-BP"": [4.174843594782583, 3.061769149752876, 5.407755744623496], ""ATE|rkhs-SQ"": [15.946967877359315, 7.9477121922514105, 22.492744992953064], ""ATE|rkhs-UKL1"": [39.26425239362995, 9.13855365756122, 86.14503574021246], ""ATE|rkhs-BKL1"": [4.859259365462589, 3.8981575409480915, 5.794333828283348], ""ATE|rkhs-BP"": [4.7525125369156855, 2.965254698373912, 6.266533706691049], ""ATT|lin-SQ"": [2.389456665819919, 1.6754825359213055, 3.847406364659366], ""ATT|lin-UKL0"": [2.625329376666357, 1.700288942207012, 4.222289972641773], ""ATT|lin-BKL005"": [NaN, NaN, NaN], ""ATT|lin-BP"": [2.6610216722514757, 1.8513501654077944, 4.060529271674102], ""ATT|rkhs-SQ"": [1.5265823215142167, 1.1844484181391592, 2.533363448071413], ""ATT|rkhs-UKL0"": [2.0764619518575764, 1.620685422477727, 3.499698011320332], ""ATT|rkhs-BKL005"": [1.947965495648197, 1.4580333057196364, 3.020188906682036], ""ATT|rkhs-BP"": [1.3873551462888265, 1.1030500376157713, 2.212369675413148]}"
ATE|AutoDML,100,87,0.13,,"{""degenerate_functional"": 13, ""ok"": 87}",-0.001815903235383359,0.15770602952212762,0.1568075683281272,0.8,0.9195402298850575,0.22878876806166307,1.4507293649768913,5.909448468590131,433.0799250338475,False,"{""records_checked"": 0, ""max_relative_difference"": null, ""tolerance"": 1e-06}","{""ATE|lin-SQ"": [26.071859427420378, 9.813312197957874, 45.755015567753325], ""ATE|lin-UKL1"": [22.40742620323621, 14.741094265137384, 22.999984491268656], ""ATE|lin-BKL1"": [NaN, NaN, NaN], ""ATE|lin-BP"": [4.174843594782583, 3.061769149752876, 5.407755744623496], ""ATE|rkhs-SQ"": [15.946967877359315, 7.9477121922514105, 22.492744992953064], ""ATE|rkhs-UKL1"": [39.26425239362995, 9.13855365756122, 86.14503574021246], ""ATE|rkhs-BKL1"": [4.859259365462589, 3.8981575409480915, 5.794333828283348], ""ATE|rkhs-BP"": [4.7525125369156855, 2.965254698373912, 6.266533706691049], ""ATT|lin-SQ"": [2.389456665819919, 1.6754825359213055, 3.847406364659366], ""ATT|lin-UKL0"": [2.625329376666357, 1.700288942207012, 4.222289972641773], ""ATT|lin-BKL005"": [NaN, NaN, NaN], ""ATT|lin-BP"": [2.6610216722514757, 1.8513501654077944, 4.060529271674102], ""ATT|rkhs-SQ"": [1.5265823215142167, 1.1844484181391592, 2.533363448071413], ""ATT|rkhs-UKL0"": [2.0764619518575764, 1.620685422477727, 3.499698011320332], ""ATT|rkhs-BKL005"": [1.947965495648197, 1.4580333057196364, 3.020188906682036], ""ATT|rkhs-BP"": [1.3873551462888265, 1.1030500376157713, 2.212369675413148]}"
ATE|DMLGBM,100,100,0.0,0.029513049607039925,"{""ok"": 100}",-0.3813336895319721,1.0695834302545644,1.1304795486449264,1.0,1.0,0.6069850785184291,0.567496710727806,60.106188959028756,189.2939240577056,False,"{""records_checked"": 0, ""max_relative_difference"": null, ""tolerance"": 1e-06}","{""ATE|lin-SQ"": [26.071859427420378, 9.813312197957874, 45.755015567753325], ""ATE|lin-UKL1"": [22.40742620323621, 14.741094265137384, 22.999984491268656], ""ATE|lin-BKL1"": [NaN, NaN, NaN], ""ATE|lin-BP"": [4.174843594782583, 3.061769149752876, 5.407755744623496], ""ATE|rkhs-SQ"": [15.946967877359315, 7.9477121922514105, 22.492744992953064], ""ATE|rkhs-UKL1"": [39.26425239362995, 9.13855365756122, 86.14503574021246], ""ATE|rkhs-BKL1"": [4.859259365462589, 3.8981575409480915, 5.794333828283348], ""ATE|rkhs-BP"": [4.7525125369156855, 2.965254698373912, 6.266533706691049], ""ATT|lin-SQ"": [2.389456665819919, 1.6754825359213055, 3.847406364659366], ""ATT|lin-UKL0"": [2.625329376666357, 1.700288942207012, 4.222289972641773], ""ATT|lin-BKL005"": [NaN, NaN, NaN], ""ATT|lin-BP"": [2.6610216722514757, 1.8513501654077944, 4.060529271674102], ""ATT|rkhs-SQ"": [1.5265823215142167, 1.1844484181391592, 2.533363448071413], ""ATT|rkhs-UKL0"": [2.0764619518575764, 1.620685422477727, 3.499698011320332], ""ATT|rkhs-BKL005"": [1.947965495648197, 1.4580333057196364, 3.020188906682036], ""ATT|rkhs-BP"": [1.3873551462888265, 1.1030500376157713, 2.212369675413148]}"
ATE|RA,100,100,0.0,0.029513049607039925,"{""ok"": 100}",-0.017741103379916513,0.15660698335585718,0.15682868523519666,,,,,,,False,"{""records_checked"": 0, ""max_relative_difference"": null, ""tolerance"": 1e-06}","{""ATE|lin-SQ"": [26.071859427420378, 9.813312197957874, 45.755015567753325], ""ATE|lin-UKL1"": [22.40742620323621, 14.741094265137384, 22.999984491268656], ""ATE|lin-BKL1"": [NaN, NaN, NaN], ""ATE|lin-BP"": [4.174843594782583, 3.061769149752876, 5.407755744623496], ""ATE|rkhs-SQ"": [15.946967877359315, 7.9477121922514105, 22.492744992953064], ""ATE|rkhs-UKL1"": [39.26425239362995, 9.13855365756122, 86.14503574021246], ""ATE|rkhs-BKL1"": [4.859259365462589, 3.8981575409480915, 5.794333828283348], ""ATE|rkhs-BP"": [4.7525125369156855, 2.965254698373912, 6.266533706691049], ""ATT|lin-SQ"": [2.389456665819919, 1.6754825359213055, 3.847406364659366], ""ATT|lin-UKL0"": [2.625329376666357, 1.700288942207012, 4.222289972641773], ""ATT|lin-BKL005"": [NaN, NaN, NaN], ""ATT|lin-BP"": [2.6610216722514757, 1.8513501654077944, 4.060529271674102], ""ATT|rkhs-SQ"": [1.5265823215142167, 1.1844484181391592, 2.533363448071413], ""ATT|rkhs-UKL0"": [2.0764619518575764, 1.620685422477727, 3.499698011320332], ""ATT|rkhs-BKL005"": [1.947965495648197, 1.4580333057196364, 3.020188906682036], ""ATT|rkhs-BP"": [1.3873551462888265, 1.1030500376157713, 2.212369675413148]}"
ATT|lin-SQ|ARW,100,100,0.0,0.029513049607039925,"{""ok"": 100}",-0.02748185927979468,0.42658241058206814,0.42533290500183785,0.99,0.99,0.45337958150205215,1.0628182743949042,5.567949599023077,452.5530846124293,True,"{""records_checked"": 0, ""max_relative_difference"": null, ""tolerance"": 1e-06}","{""ATE|lin-SQ"": [26.071859427420378, 9.813312197957874, 45.755015567753325], ""ATE|lin-UKL1"": [22.40742620323621, 14.741094265137384, 22.999984491268656], ""ATE|lin-BKL1"": [NaN, NaN, NaN], ""ATE|lin-BP"": [4.174843594782583, 3.061769149752876, 5.407755744623496], ""ATE|rkhs-SQ"": [15.946967877359315, 7.9477121922514105, 22.492744992953064], ""ATE|rkhs-UKL1"": [39.26425239362995, 9.13855365756122, 86.14503574021246], ""ATE|rkhs-BKL1"": [4.859259365462589, 3.8981575409480915, 5.794333828283348], ""ATE|rkhs-BP"": [4.7525125369156855, 2.965254698373912, 6.266533706691049], ""ATT|lin-SQ"": [2.389456665819919, 1.6754825359213055, 3.847406364659366], ""ATT|lin-UKL0"": [2.625329376666357, 1.700288942207012, 4.222289972641773], ""ATT|lin-BKL005"": [NaN, NaN, NaN], ""ATT|lin-BP"": [2.6610216722514757, 1.8513501654077944, 4.060529271674102], ""ATT|rkhs-SQ"": [1.5265823215142167, 1.1844484181391592, 2.533363448071413], ""ATT|rkhs-UKL0"": [2.0764619518575764, 1.620685422477727, 3.499698011320332], ""ATT|rkhs-BKL005"": [1.947965495648197, 1.4580333057196364, 3.020188906682036], ""ATT|rkhs-BP"": [1.3873551462888265, 1.1030500376157713, 2.212369675413148]}"
ATT|lin-SQ|RW,100,100,0.0,0.029513049607039925,"{""ok"": 100}",-1.2594096179625938,1.0193001844868521,1.6170020789258952,0.08,0.08,0.465459643877877,0.4566462863069176,5.567949599023077,452.5530846124293,False,"{""records_checked"": 0, ""max_relative_difference"": null, ""tolerance"": 1e-06}","{""ATE|lin-SQ"": [26.071859427420378, 9.813312197957874, 45.755015567753325], ""ATE|lin-UKL1"": [22.40742620323621, 14.741094265137384, 22.999984491268656], ""ATE|lin-BKL1"": [NaN, NaN, NaN], ""ATE|lin-BP"": [4.174843594782583, 3.061769149752876, 5.407755744623496], ""ATE|rkhs-SQ"": [15.946967877359315, 7.9477121922514105, 22.492744992953064], ""ATE|rkhs-UKL1"": [39.26425239362995, 9.13855365756122, 86.14503574021246], ""ATE|rkhs-BKL1"": [4.859259365462589, 3.8981575409480915, 5.794333828283348], ""ATE|rkhs-BP"": [4.7525125369156855, 2.965254698373912, 6.266533706691049], ""ATT|lin-SQ"": [2.389456665819919, 1.6754825359213055, 3.847406364659366], ""ATT|lin-UKL0"": [2.625329376666357, 1.700288942207012, 4.222289972641773], ""ATT|lin-BKL005"": [NaN, NaN, NaN], ""ATT|lin-BP"": [2.6610216722514757, 1.8513501654077944, 4.060529271674102], ""ATT|rkhs-SQ"": [1.5265823215142167, 1.1844484181391592, 2.533363448071413], ""ATT|rkhs-UKL0"": [2.0764619518575764, 1.620685422477727, 3.499698011320332], ""ATT|rkhs-BKL005"": [1.947965495648197, 1.4580333057196364, 3.020188906682036], ""ATT|rkhs-BP"": [1.3873551462888265, 1.1030500376157713, 2.212369675413148]}"
ATT|lin-SQ|TMLE,100,100,0.0,0.029513049607039925,"{""ok"": 100}",-0.028015287422574087,0.42699954936829115,0.4257818518190812,0.99,0.99,0.45339084282862274,1.061806373096588,5.567949599023077,452.5530846124293,True,"{""records_checked"": 0, ""max_relative_difference"": null, ""tolerance"": 1e-06}","{""ATE|lin-SQ"": [26.071859427420378, 9.813312197957874, 45.755015567753325], ""ATE|lin-UKL1"": [22.40742620323621, 14.741094265137384, 22.999984491268656], ""ATE|lin-BKL1"": [NaN, NaN, NaN], ""ATE|lin-BP"": [4.174843594782583, 3.061769149752876, 5.407755744623496], ""ATE|rkhs-SQ"": [15.946967877359315, 7.9477121922514105, 22.492744992953064], ""ATE|rkhs-UKL1"": [39.26425239362995, 9.13855365756122, 86.14503574021246], ""ATE|rkhs-BKL1"": [4.859259365462589, 3.8981575409480915, 5.794333828283348], ""ATE|rkhs-BP"": [4.7525125369156855, 2.965254698373912, 6.266533706691049], ""ATT|lin-SQ"": [2.389456665819919, 1.6754825359213055, 3.847406364659366], ""ATT|lin-UKL0"": [2.625329376666357, 1.700288942207012, 4.222289972641773], ""ATT|lin-BKL005"": [NaN, NaN, NaN], ""ATT|lin-BP"": [2.6610216722514757, 1.8513501654077944, 4.060529271674102], ""ATT|rkhs-SQ"": [1.5265823215142167, 1.1844484181391592, 2.533363448071413], ""ATT|rkhs-UKL0"": [2.0764619518575764, 1.620685422477727, 3.499698011320332], ""ATT|rkhs-BKL005"": [1.947965495648197, 1.4580333057196364, 3.020188906682036], ""ATT|rkhs-BP"": [1.3873551462888265, 1.1030500376157713, 2.212369675413148]}"
ATT|lin-UKL0|ARW,100,100,0.0,0.029513049607039925,"{""ok"": 100}",-0.012230979474235893,0.3782251608596478,0.3765279889239745,0.99,0.99,0.452784874407296,1.1971304959674955,5.708869808231828,458.1790469755603,True,"{""records_checked"": 0, ""max_relative_difference"": null, ""tolerance"": 1e-06}","{""ATE|lin-SQ"": [26.071859427420378, 9.813312197957874, 45.755015567753325], ""ATE|lin-UKL1"": [22.40742620323621, 14.741094265137384, 22.999984491268656], ""ATE|lin-BKL1"": [NaN, NaN, NaN], ""ATE|lin-BP"": [4.174843594782583, 3.061769149752876, 5.407755744623496], ""ATE|rkhs-SQ"": [15.946967877359315, 7.9477121922514105, 22.492744992953064], ""ATE|rkhs-UKL1"": [39.26425239362995, 9.13855365756122, 86.14503574021246], ""ATE|rkhs-BKL1"": [4.859259365462589, 3.8981575409480915, 5.794333828283348], ""ATE|rkhs-BP"": [4.7525125369156855, 2.965254698373912, 6.266533706691049], ""ATT|lin-SQ"": [2.389456665819919, 1.6754825359213055, 3.847406364659366], ""ATT|lin-UKL0"": [2.625329376666357, 1.700288942207012, 4.222289972641773], ""ATT|lin-BKL005"": [NaN, NaN, NaN], ""ATT|lin-BP"": [2.6610216722514757, 1.8513501654077944, 4.060529271674102], ""ATT|rkhs-SQ"": [1.5265823215142167, 1.1844484181391592, 2.533363448071413], ""ATT|rkhs-UKL0"": [2.0764619518575764, 1.620685422477727, 3.499698011320332], ""ATT|rkhs-BKL005"": [1.947965495648197, 1.4580333057196364, 3.020188906682036], ""ATT|rkhs-BP"": [1.3873551462888265, 1.1030500376157713, 2.212369675413148]}"
ATT|lin-UKL0|RW,100,100,0.0,0.029513049607039925,"{""ok"": 100}",-1.1524187337141565,0.9929656257991919,1.5179558177015344,0.14,0.14,0.4644952839226501,0.4677858647410875,5.708869808231828,458.1790469755603,False,"{""records_checked"": 0, ""max_relative_difference"": null, ""tolerance"": 1e-06}","{""ATE|lin-SQ"": [26.071859427420378, 9.813312197957874, 45.755015567753325], ""ATE|lin-UKL1"": [22.40742620323621, 14.741094265137384, 22.999984491268656], ""ATE|lin-BKL1"": [NaN, NaN, NaN], ""ATE|lin-BP"": [4.174843594782583, 3.061769149752876, 5.407755744623496], ""ATE|rkhs-SQ"": [15.946967877359315, 7.9477121922514105, 22.492744992953064], ""ATE|rkhs-UKL1"": [39.26425239362995, 9.13855365756122, 86.14503574021246], ""ATE|rkhs-BKL1"": [4.859259365462589, 3.8981575409480915, 5.794333828283348], ""ATE|rkhs-BP"": [4.7525125369156855, 2.965254698373912, 6.266533706691049], ""ATT|lin-SQ"": [2.389456665819919, 1.6754825359213055, 3.847406364659366], ""ATT|lin-UKL0"": [2.625329376666357, 1.700288942207012, 4.222289972641773], ""ATT|lin-BKL005"": [NaN, NaN, NaN], ""ATT|lin-BP"": [2.6610216722514757, 1.8513501654077944, 4.060529271674102], ""ATT|rkhs-SQ"": [1.5265823215142167, 1.1844484181391592, 2.533363448071413], ""ATT|rkhs-UKL0"": [2.0764619518575764, 1.620685422477727, 3.499698011320332], ""ATT|rkhs-BKL005"": [1.947965495648197, 1.4580333057196364, 3.020188906682036], ""ATT|rkhs-BP"": [1.3873551462888265, 1.1030500376157713, 2.212369675413148]}"
ATT|lin-UKL0|TMLE,100,100,0.0,0.029513049607039925,"{""ok"": 100}",-0.012481385353605913,0.3776647643188015,0.3759789255347184,0.99,0.99,0.4526901452688519,1.198656025232787,5.708869808231828,458.1790469755603,True,"{""records_checked"": 0, ""max_relative_difference"": null, ""tolerance"": 1e-06}","{""ATE|lin-SQ"": [26.071859427420378, 9.813312197957874, 45.755015567753325], ""ATE|lin-UKL1"": [22.40742620323621, 14.741094265137384, 22.999984491268656], ""ATE|lin-BKL1"": [NaN, NaN, NaN], ""ATE|lin-BP"": [4.174843594782583, 3.061769149752876, 5.407755744623496], ""ATE|rkhs-SQ"": [15.946967877359315, 7.9477121922514105, 22.492744992953064], ""ATE|rkhs-UKL1"": [39.26425239362995, 9.13855365756122, 86.14503574021246], ""ATE|rkhs-BKL1"": [4.859259365462589, 3.8981575409480915, 5.794333828283348], ""ATE|rkhs-BP"": [4.7525125369156855, 2.965254698373912, 6.266533706691049], ""ATT|lin-SQ"": [2.389456665819919, 1.6754825359213055, 3.847406364659366], ""ATT|lin-UKL0"": [2.625329376666357, 1.700288942207012, 4.222289972641773], ""ATT|lin-BKL005"": [NaN, NaN, NaN], ""ATT|lin-BP"": [2.6610216722514757, 1.8513501654077944, 4.060529271674102], ""ATT|rkhs-SQ"": [1.5265823215142167, 1.1844484181391592, 2.533363448071413], ""ATT|rkhs-UKL0"": [2.0764619518575764, 1.620685422477727, 3.499698011320332], ""ATT|rkhs-BKL005"": [1.947965495648197, 1.4580333057196364, 3.020188906682036], ""ATT|rkhs-BP"": [1.3873551462888265, 1.1030500376157713, 2.212369675413148]}"
ATT|lin-BKL005|ARW,100,0,1.0,,"{""cv_failed"": 100}",,,,0.0,,,,,,False,"{""records_checked"": 0, ""max_relative_difference"": null, ""tolerance"": 1e-06}","{""ATE|lin-SQ"": [26.071859427420378, 9.813312197957874, 45.755015567753325], ""ATE|lin-UKL1"": [22.40742620323621, 14.741094265137384, 22.999984491268656], ""ATE|lin-BKL1"": [NaN, NaN, NaN], ""ATE|lin-BP"": [4.174843594782583, 3.061769149752876, 5.407755744623496], ""ATE|rkhs-SQ"": [15.946967877359315, 7.9477121922514105, 22.492744992953064], ""ATE|rkhs-UKL1"": [39.26425239362995, 9.13855365756122, 86.14503574021246], ""ATE|rkhs-BKL1"": [4.859259365462589, 3.8981575409480915, 5.794333828283348], ""ATE|rkhs-BP"": [4.7525125369156855, 2.965254698373912, 6.266533706691049], ""ATT|lin-SQ"": [2.389456665819919, 1.6754825359213055, 3.847406364659366], ""ATT|lin-UKL0"": [2.625329376666357, 1.700288942207012, 4.222289972641773], ""ATT|lin-BKL005"": [NaN, NaN, NaN], ""ATT|lin-BP"": [2.6610216722514757, 1.8513501654077944, 4.060529271674102], ""ATT|rkhs-SQ"": [1.5265823215142167, 1.1844484181391592, 2.533363448071413], ""ATT|rkhs-UKL0"": [2.0764619518575764, 1.620685422477727, 3.499698011320332], ""ATT|rkhs-BKL005"": [1.947965495648197, 1.4580333057196364, 3.020188906682036], ""ATT|rkhs-BP"": [1.3873551462888265, 1.1030500376157713, 2.212369675413148]}"
ATT|lin-BKL005|RW,100,0,1.0,,"{""cv_failed"": 100}",,,,0.0,,,,,,False,"{""records_checked"": 0, ""max_relative_difference"": null, ""tolerance"": 1e-06}","{""ATE|lin-SQ"": [26.071859427420378, 9.813312197957874, 45.755015567753325], ""ATE|lin-UKL1"": [22.40742620323621, 14.741094265137384, 22.999984491268656], ""ATE|lin-BKL1"": [NaN, NaN, NaN], ""ATE|lin-BP"": [4.174843594782583, 3.061769149752876, 5.407755744623496], ""ATE|rkhs-SQ"": [15.946967877359315, 7.9477121922514105, 22.492744992953064], ""ATE|rkhs-UKL1"": [39.26425239362995, 9.13855365756122, 86.14503574021246], ""ATE|rkhs-BKL1"": [4.859259365462589, 3.8981575409480915, 5.794333828283348], ""ATE|rkhs-BP"": [4.7525125369156855, 2.965254698373912, 6.266533706691049], ""ATT|lin-SQ"": [2.389456665819919, 1.6754825359213055, 3.847406364659366], ""ATT|lin-UKL0"": [2.625329376666357, 1.700288942207012, 4.222289972641773], ""ATT|lin-BKL005"": [NaN, NaN, NaN], ""ATT|lin-BP"": [2.6610216722514757, 1.8513501654077944, 4.060529271674102], ""ATT|rkhs-SQ"": [1.5265823215142167, 1.1844484181391592, 2.533363448071413], ""ATT|rkhs-UKL0"": [2.0764619518575764, 1.620685422477727, 3.499698011320332], ""ATT|rkhs-BKL005"": [1.947965495648197, 1.4580333057196364, 3.020188906682036], ""ATT|rkhs-BP"": [1.3873551462888265, 1.1030500376157713, 2.212369675413148]}"
ATT|lin-BKL005|TMLE,100,0,1.0,,"{""cv_failed"": 100}",,,,0.0,,,,,,False,"{""records_checked"": 0, ""max_relative_difference"": null, ""tolerance"": 1e-06}","{""ATE|lin-SQ"": [26.071859427420378, 9.813312197957874, 45.755015567753325], ""ATE|lin-UKL1"": [22.40742620323621, 14.741094265137384, 22.999984491268656], ""ATE|lin-BKL1"": [NaN, NaN, NaN], ""ATE|lin-BP"": [4.174843594782583, 3.061769149752876, 5.407755744623496], ""ATE|rkhs-SQ"": [15.946967877359315, 7.9477121922514105, 22.492744992953064], ""ATE|rkhs-UKL1"": [39.26425239362995, 9.13855365756122, 86.14503574021246], ""ATE|rkhs-BKL1"": [4.859259365462589, 3.8981575409480915, 5.794333828283348], ""ATE|rkhs-BP"": [4.7525125369156855, 2.965254698373912, 6.266533706691049], ""ATT|lin-SQ"": [2.389456665819919, 1.6754825359213055, 3.847406364659366], ""ATT|lin-UKL0"": [2.625329376666357, 1.700288942207012, 4.222289972641773], ""ATT|lin-BKL005"": [NaN, NaN, NaN], ""ATT|lin-BP"": [2.6610216722514757, 1.8513501654077944, 4.060529271674102], ""ATT|rkhs-SQ"": [1.5265823215142167, 1.1844484181391592, 2.533363448071413], ""ATT|rkhs-UKL0"": [2.0764619518575764, 1.620685422477727, 3.499698011320332], ""ATT|rkhs-BKL005"": [1.947965495648197, 1.4580333057196364, 3.020188906682036], ""ATT|rkhs-BP"": [1.3873551462888265, 1.1030500376157713, 2.212369675413148]}"
ATT|lin-BP|ARW,100,97,0.03,,"{""domain_prediction"": 3, ""ok"": 97}",-0.02869287105601718,0.4368227563648035,0.43551147567700643,0.96,0.9896907216494846,0.4551738622253164,1.0420104163373471,5.723818718956034,457.1981607688499,True,"{""records_checked"": 0, ""max_relative_difference"": null, ""tolerance"": 1e-06}","{""ATE|lin-SQ"": [26.071859427420378, 9.813312197957874, 45.755015567753325], ""ATE|lin-UKL1"": [22.40742620323621, 14.741094265137384, 22.999984491268656], ""ATE|lin-BKL1"": [NaN, NaN, NaN], ""ATE|lin-BP"": [4.174843594782583, 3.061769149752876, 5.407755744623496], ""ATE|rkhs-SQ"": [15.946967877359315, 7.9477121922514105, 22.492744992953064], ""ATE|rkhs-UKL1"": [39.26425239362995, 9.13855365756122, 86.14503574021246], ""ATE|rkhs-BKL1"": [4.859259365462589, 3.8981575409480915, 5.794333828283348], ""ATE|rkhs-BP"": [4.7525125369156855, 2.965254698373912, 6.266533706691049], ""ATT|lin-SQ"": [2.389456665819919, 1.6754825359213055, 3.847406364659366], ""ATT|lin-UKL0"": [2.625329376666357, 1.700288942207012, 4.222289972641773], ""ATT|lin-BKL005"": [NaN, NaN, NaN], ""ATT|lin-BP"": [2.6610216722514757, 1.8513501654077944, 4.060529271674102], ""ATT|rkhs-SQ"": [1.5265823215142167, 1.1844484181391592, 2.533363448071413], ""ATT|rkhs-UKL0"": [2.0764619518575764, 1.620685422477727, 3.499698011320332], ""ATT|rkhs-BKL005"": [1.947965495648197, 1.4580333057196364, 3.020188906682036], ""ATT|rkhs-BP"": [1.3873551462888265, 1.1030500376157713, 2.212369675413148]}"
ATT|lin-BP|RW,100,97,0.03,,"{""domain_prediction"": 3, ""ok"": 97}",-1.4123650614312615,1.1623948216193682,1.825378669152658,0.07,0.07216494845360824,0.47138580531397806,0.40552985659147717,5.723818718956034,457.1981607688499,False,"{""records_checked"": 0, ""max_relative_difference"": null, ""tolerance"": 1e-06}","{""ATE|lin-SQ"": [26.071859427420378, 9.813312197957874, 45.755015567753325], ""ATE|lin-UKL1"": [22.40742620323621, 14.741094265137384, 22.999984491268656], ""ATE|lin-BKL1"": [NaN, NaN, NaN], ""ATE|lin-BP"": [4.174843594782583, 3.061769149752876, 5.407755744623496], ""ATE|rkhs-SQ"": [15.946967877359315, 7.9477121922514105, 22.492744992953064], ""ATE|rkhs-UKL1"": [39.26425239362995, 9.13855365756122, 86.14503574021246], ""ATE|rkhs-BKL1"": [4.859259365462589, 3.8981575409480915, 5.794333828283348], ""ATE|rkhs-BP"": [4.7525125369156855, 2.965254698373912, 6.266533706691049], ""ATT|lin-SQ"": [2.389456665819919, 1.6754825359213055, 3.847406364659366], ""ATT|lin-UKL0"": [2.625329376666357, 1.700288942207012, 4.222289972641773], ""ATT|lin-BKL005"": [NaN, NaN, NaN], ""ATT|lin-BP"": [2.6610216722514757, 1.8513501654077944, 4.060529271674102], ""ATT|rkhs-SQ"": [1.5265823215142167, 1.1844484181391592, 2.533363448071413], ""ATT|rkhs-UKL0"": [2.0764619518575764, 1.620685422477727, 3.499698011320332], ""ATT|rkhs-BKL005"": [1.947965495648197, 1.4580333057196364, 3.020188906682036], ""ATT|rkhs-BP"": [1.3873551462888265, 1.1030500376157713, 2.212369675413148]}"
ATT|lin-BP|TMLE,100,97,0.03,,"{""domain_prediction"": 3, ""ok"": 97}",-0.02973140469331164,0.4392369740441851,0.4379773005522664,0.96,0.9896907216494846,0.45519156990106574,1.0363234354111448,5.723818718956034,457.1981607688499,True,"{""records_checked"": 0, ""max_relative_difference"": null, ""tolerance"": 1e-06}","{""ATE|lin-SQ"": [26.071859427420378, 9.813312197957874, 45.755015567753325], ""ATE|lin-UKL1"": [22.40742620323621, 14.741094265137384, 22.999984491268656], ""ATE|lin-BKL1"": [NaN, NaN, NaN], ""ATE|lin-BP"": [4.174843594782583, 3.061769149752876, 5.407755744623496], ""ATE|rkhs-SQ"": [15.946967877359315, 7.9477121922514105, 22.492744992953064], ""ATE|rkhs-UKL1"": [39.26425239362995, 9.13855365756122, 86.14503574021246], ""ATE|rkhs-BKL1"": [4.859259365462589, 3.8981575409480915, 5.794333828283348], ""ATE|rkhs-BP"": [4.7525125369156855, 2.965254698373912, 6.266533706691049], ""ATT|lin-SQ"": [2.389456665819919, 1.6754825359213055, 3.847406364659366], ""ATT|lin-UKL0"": [2.625329376666357, 1.700288942207012, 4.222289972641773], ""ATT|lin-BKL005"": [NaN, NaN, NaN], ""ATT|lin-BP"": [2.6610216722514757, 1.8513501654077944, 4.060529271674102], ""ATT|rkhs-SQ"": [1.5265823215142167, 1.1844484181391592, 2.533363448071413], ""ATT|rkhs-UKL0"": [2.0764619518575764, 1.620685422477727, 3.499698011320332], ""ATT|rkhs-BKL005"": [1.947965495648197, 1.4580333057196364, 3.020188906682036], ""ATT|rkhs-BP"": [1.3873551462888265, 1.1030500376157713, 2.212369675413148]}"
ATT|rkhs-SQ|ARW,100,100,0.0,0.029513049607039925,"{""ok"": 100}",0.0004480810521208818,0.44016091659979995,0.4379548115429097,0.99,0.99,0.4547181153750761,1.0330724474306558,5.617273027974935,439.79923832182266,True,"{""records_checked"": 0, ""max_relative_difference"": null, ""tolerance"": 1e-06}","{""ATE|lin-SQ"": [26.071859427420378, 9.813312197957874, 45.755015567753325], ""ATE|lin-UKL1"": [22.40742620323621, 14.741094265137384, 22.999984491268656], ""ATE|lin-BKL1"": [NaN, NaN, NaN], ""ATE|lin-BP"": [4.174843594782583, 3.061769149752876, 5.407755744623496], ""ATE|rkhs-SQ"": [15.946967877359315, 7.9477121922514105, 22.492744992953064], ""ATE|rkhs-UKL1"": [39.26425239362995, 9.13855365756122, 86.14503574021246], ""ATE|rkhs-BKL1"": [4.859259365462589, 3.8981575409480915, 5.794333828283348], ""ATE|rkhs-BP"": [4.7525125369156855, 2.965254698373912, 6.266533706691049], ""ATT|lin-SQ"": [2.389456665819919, 1.6754825359213055, 3.847406364659366], ""ATT|lin-UKL0"": [2.625329376666357, 1.700288942207012, 4.222289972641773], ""ATT|lin-BKL005"": [NaN, NaN, NaN], ""ATT|lin-BP"": [2.6610216722514757, 1.8513501654077944, 4.060529271674102], ""ATT|rkhs-SQ"": [1.5265823215142167, 1.1844484181391592, 2.533363448071413], ""ATT|rkhs-UKL0"": [2.0764619518575764, 1.620685422477727, 3.499698011320332], ""ATT|rkhs-BKL005"": [1.947965495648197, 1.4580333057196364, 3.020188906682036], ""ATT|rkhs-BP"": [1.3873551462888265, 1.1030500376157713, 2.212369675413148]}"
ATT|rkhs-SQ|RW,100,100,0.0,0.029513049607039925,"{""ok"": 100}",-0.4476742531279391,0.6719418739027483,0.8046136091308395,0.76,0.76,0.4568334717758258,0.6798705208271398,5.617273027974935,439.79923832182266,False,"{""records_checked"": 0, ""max_relative_difference"": null, ""tolerance"": 1e-06}","{""ATE|lin-SQ"": [26.071859427420378, 9.813312197957874, 45.755015567753325], ""ATE|lin-UKL1"": [22.40742620323621, 14.741094265137384, 22.999984491268656], ""ATE|lin-BKL1"": [NaN, NaN, NaN], ""ATE|lin-BP"": [4.174843594782583, 3.061769149752876, 5.407755744623496], ""ATE|rkhs-SQ"": [15.946967877359315, 7.9477121922514105, 22.492744992953064], ""ATE|rkhs-UKL1"": [39.26425239362995, 9.13855365756122, 86.14503574021246], ""ATE|rkhs-BKL1"": [4.859259365462589, 3.8981575409480915, 5.794333828283348], ""ATE|rkhs-BP"": [4.7525125369156855, 2.965254698373912, 6.266533706691049], ""ATT|lin-SQ"": [2.389456665819919, 1.6754825359213055, 3.847406364659366], ""ATT|lin-UKL0"": [2.625329376666357, 1.700288942207012, 4.222289972641773], ""ATT|lin-BKL005"": [NaN, NaN, NaN], ""ATT|lin-BP"": [2.6610216722514757, 1.8513501654077944, 4.060529271674102], ""ATT|rkhs-SQ"": [1.5265823215142167, 1.1844484181391592, 2.533363448071413], ""ATT|rkhs-UKL0"": [2.0764619518575764, 1.620685422477727, 3.499698011320332], ""ATT|rkhs-BKL005"": [1.947965495648197, 1.4580333057196364, 3.020188906682036], ""ATT|rkhs-BP"": [1.3873551462888265, 1.1030500376157713, 2.212369675413148]}"
ATT|rkhs-SQ|TMLE,100,100,0.0,0.029513049607039925,"{""ok"": 100}",0.0002678334310715612,0.4401729489508284,0.43796663625547416,0.99,0.99,0.45470205965222554,1.0330077319290698,5.617273027974935,439.79923832182266,True,"{""records_checked"": 0, ""max_relative_difference"": null, ""tolerance"": 1e-06}","{""ATE|lin-SQ"": [26.071859427420378, 9.813312197957874, 45.755015567753325], ""ATE|lin-UKL1"": [22.40742620323621, 14.741094265137384, 22.999984491268656], ""ATE|lin-BKL1"": [NaN, NaN, NaN], ""ATE|lin-BP"": [4.174843594782583, 3.061769149752876, 5.407755744623496], ""ATE|rkhs-SQ"": [15.946967877359315, 7.9477121922514105, 22.492744992953064], ""ATE|rkhs-UKL1"": [39.26425239362995, 9.13855365756122, 86.14503574021246], ""ATE|rkhs-BKL1"": [4.859259365462589, 3.8981575409480915, 5.794333828283348], ""ATE|rkhs-BP"": [4.7525125369156855, 2.965254698373912, 6.266533706691049], ""ATT|lin-SQ"": [2.389456665819919, 1.6754825359213055, 3.847406364659366], ""ATT|lin-UKL0"": [2.625329376666357, 1.700288942207012, 4.222289972641773], ""ATT|lin-BKL005"": [NaN, NaN, NaN], ""ATT|lin-BP"": [2.6610216722514757, 1.8513501654077944, 4.060529271674102], ""ATT|rkhs-SQ"": [1.5265823215142167, 1.1844484181391592, 2.533363448071413], ""ATT|rkhs-UKL0"": [2.0764619518575764, 1.620685422477727, 3.499698011320332], ""ATT|rkhs-BKL005"": [1.947965495648197, 1.4580333057196364, 3.020188906682036], ""ATT|rkhs-BP"": [1.3873551462888265, 1.1030500376157713, 2.212369675413148]}"
ATT|rkhs-UKL0|ARW,100,100,0.0,0.029513049607039925,"{""ok"": 100}",0.0037294442282494555,0.4340175674057218,0.4318581307360834,0.99,0.99,0.45356761436488136,1.0450443678490187,5.705603472481279,444.38571225402796,True,"{""records_checked"": 0, ""max_relative_difference"": null, ""tolerance"": 1e-06}","{""ATE|lin-SQ"": [26.071859427420378, 9.813312197957874, 45.755015567753325], ""ATE|lin-UKL1"": [22.40742620323621, 14.741094265137384, 22.999984491268656], ""ATE|lin-BKL1"": [NaN, NaN, NaN], ""ATE|lin-BP"": [4.174843594782583, 3.061769149752876, 5.407755744623496], ""ATE|rkhs-SQ"": [15.946967877359315, 7.9477121922514105, 22.492744992953064], ""ATE|rkhs-UKL1"": [39.26425239362995, 9.13855365756122, 86.14503574021246], ""ATE|rkhs-BKL1"": [4.859259365462589, 3.8981575409480915, 5.794333828283348], ""ATE|rkhs-BP"": [4.7525125369156855, 2.965254698373912, 6.266533706691049], ""ATT|lin-SQ"": [2.389456665819919, 1.6754825359213055, 3.847406364659366], ""ATT|lin-UKL0"": [2.625329376666357, 1.700288942207012, 4.222289972641773], ""ATT|lin-BKL005"": [NaN, NaN, NaN], ""ATT|lin-BP"": [2.6610216722514757, 1.8513501654077944, 4.060529271674102], ""ATT|rkhs-SQ"": [1.5265823215142167, 1.1844484181391592, 2.533363448071413], ""ATT|rkhs-UKL0"": [2.0764619518575764, 1.620685422477727, 3.499698011320332], ""ATT|rkhs-BKL005"": [1.947965495648197, 1.4580333057196364, 3.020188906682036], ""ATT|rkhs-BP"": [1.3873551462888265, 1.1030500376157713, 2.212369675413148]}"
ATT|rkhs-UKL0|RW,100,100,0.0,0.029513049607039925,"{""ok"": 100}",-0.3425700058187395,0.9012209651557624,0.959912206736935,0.74,0.74,0.4564551988850012,0.506485331048762,5.705603472481279,444.38571225402796,False,"{""records_checked"": 0, ""max_relative_difference"": null, ""tolerance"": 1e-06}","{""ATE|lin-SQ"": [26.071859427420378, 9.813312197957874, 45.755015567753325], ""ATE|lin-UKL1"": [22.40742620323621, 14.741094265137384, 22.999984491268656], ""ATE|lin-BKL1"": [NaN, NaN, NaN], ""ATE|lin-BP"": [4.174843594782583, 3.061769149752876, 5.407755744623496], ""ATE|rkhs-SQ"": [15.946967877359315, 7.9477121922514105, 22.492744992953064], ""ATE|rkhs-UKL1"": [39.26425239362995, 9.13855365756122, 86.14503574021246], ""ATE|rkhs-BKL1"": [4.859259365462589, 3.8981575409480915, 5.794333828283348], ""ATE|rkhs-BP"": [4.7525125369156855, 2.965254698373912, 6.266533706691049], ""ATT|lin-SQ"": [2.389456665819919, 1.6754825359213055, 3.847406364659366], ""ATT|lin-UKL0"": [2.625329376666357, 1.700288942207012, 4.222289972641773], ""ATT|lin-BKL005"": [NaN, NaN, NaN], ""ATT|lin-BP"": [2.6610216722514757, 1.8513501654077944, 4.060529271674102], ""ATT|rkhs-SQ"": [1.5265823215142167, 1.1844484181391592, 2.533363448071413], ""ATT|rkhs-UKL0"": [2.0764619518575764, 1.620685422477727, 3.499698011320332], ""ATT|rkhs-BKL005"": [1.947965495648197, 1.4580333057196364, 3.020188906682036], ""ATT|rkhs-BP"": [1.3873551462888265, 1.1030500376157713, 2.212369675413148]}"
ATT|rkhs-UKL0|TMLE,100,100,0.0,0.029513049607039925,"{""ok"": 100}",0.003012308060029218,0.43333877517663655,0.43117715979713045,0.99,0.99,0.4535041485274707,1.0465348925736322,5.705603472481279,444.38571225402796,True,"{""records_checked"": 0, ""max_relative_difference"": null, ""tolerance"": 1e-06}","{""ATE|lin-SQ"": [26.071859427420378, 9.813312197957874, 45.755015567753325], ""ATE|lin-UKL1"": [22.40742620323621, 14.741094265137384, 22.999984491268656], ""ATE|lin-BKL1"": [NaN, NaN, NaN], ""ATE|lin-BP"": [4.174843594782583, 3.061769149752876, 5.407755744623496], ""ATE|rkhs-SQ"": [15.946967877359315, 7.9477121922514105, 22.492744992953064], ""ATE|rkhs-UKL1"": [39.26425239362995, 9.13855365756122, 86.14503574021246], ""ATE|rkhs-BKL1"": [4.859259365462589, 3.8981575409480915, 5.794333828283348], ""ATE|rkhs-BP"": [4.7525125369156855, 2.965254698373912, 6.266533706691049], ""ATT|lin-SQ"": [2.389456665819919, 1.6754825359213055, 3.847406364659366], ""ATT|lin-UKL0"": [2.625329376666357, 1.700288942207012, 4.222289972641773], ""ATT|lin-BKL005"": [NaN, NaN, NaN], ""ATT|lin-BP"": [2.6610216722514757, 1.8513501654077944, 4.060529271674102], ""ATT|rkhs-SQ"": [1.5265823215142167, 1.1844484181391592, 2.533363448071413], ""ATT|rkhs-UKL0"": [2.0764619518575764, 1.620685422477727, 3.499698011320332], ""ATT|rkhs-BKL005"": [1.947965495648197, 1.4580333057196364, 3.020188906682036], ""ATT|rkhs-BP"": [1.3873551462888265, 1.1030500376157713, 2.212369675413148]}"
ATT|rkhs-BKL005|ARW,100,100,0.0,0.029513049607039925,"{""ok"": 100}",-0.006484272397980517,0.443948654895462,0.44177092467724305,0.99,0.99,0.45137257719347024,1.016722479539343,5.758311226789997,448.9055850711229,True,"{""records_checked"": 0, ""max_relative_difference"": null, ""tolerance"": 1e-06}","{""ATE|lin-SQ"": [26.071859427420378, 9.813312197957874, 45.755015567753325], ""ATE|lin-UKL1"": [22.40742620323621, 14.741094265137384, 22.999984491268656], ""ATE|lin-BKL1"": [NaN, NaN, NaN], ""ATE|lin-BP"": [4.174843594782583, 3.061769149752876, 5.407755744623496], ""ATE|rkhs-SQ"": [15.946967877359315, 7.9477121922514105, 22.492744992953064], ""ATE|rkhs-UKL1"": [39.26425239362995, 9.13855365756122, 86.14503574021246], ""ATE|rkhs-BKL1"": [4.859259365462589, 3.8981575409480915, 5.794333828283348], ""ATE|rkhs-BP"": [4.7525125369156855, 2.965254698373912, 6.266533706691049], ""ATT|lin-SQ"": [2.389456665819919, 1.6754825359213055, 3.847406364659366], ""ATT|lin-UKL0"": [2.625329376666357, 1.700288942207012, 4.222289972641773], ""ATT|lin-BKL005"": [NaN, NaN, NaN], ""ATT|lin-BP"": [2.6610216722514757, 1.8513501654077944, 4.060529271674102], ""ATT|rkhs-SQ"": [1.5265823215142167, 1.1844484181391592, 2.533363448071413], ""ATT|rkhs-UKL0"": [2.0764619518575764, 1.620685422477727, 3.499698011320332], ""ATT|rkhs-BKL005"": [1.947965495648197, 1.4580333057196364, 3.020188906682036], ""ATT|rkhs-BP"": [1.3873551462888265, 1.1030500376157713, 2.212369675413148]}"
ATT|rkhs-BKL005|RW,100,100,0.0,0.029513049607039925,"{""ok"": 100}",-0.17926408392298002,0.8647966615757892,0.8789369402856207,0.76,0.76,0.45355142070607285,0.5244601891497062,5.758311226789997,448.9055850711229,False,"{""records_checked"": 0, ""max_relative_difference"": null, ""tolerance"": 1e-06}","{""ATE|lin-SQ"": [26.071859427420378, 9.813312197957874, 45.755015567753325], ""ATE|lin-UKL1"": [22.40742620323621, 14.741094265137384, 22.999984491268656], ""ATE|lin-BKL1"": [NaN, NaN, NaN], ""ATE|lin-BP"": [4.174843594782583, 3.061769149752876, 5.407755744623496], ""ATE|rkhs-SQ"": [15.946967877359315, 7.9477121922514105, 22.492744992953064], ""ATE|rkhs-UKL1"": [39.26425239362995, 9.13855365756122, 86.14503574021246], ""ATE|rkhs-BKL1"": [4.859259365462589, 3.8981575409480915, 5.794333828283348], ""ATE|rkhs-BP"": [4.7525125369156855, 2.965254698373912, 6.266533706691049], ""ATT|lin-SQ"": [2.389456665819919, 1.6754825359213055, 3.847406364659366], ""ATT|lin-UKL0"": [2.625329376666357, 1.700288942207012, 4.222289972641773], ""ATT|lin-BKL005"": [NaN, NaN, NaN], ""ATT|lin-BP"": [2.6610216722514757, 1.8513501654077944, 4.060529271674102], ""ATT|rkhs-SQ"": [1.5265823215142167, 1.1844484181391592, 2.533363448071413], ""ATT|rkhs-UKL0"": [2.0764619518575764, 1.620685422477727, 3.499698011320332], ""ATT|rkhs-BKL005"": [1.947965495648197, 1.4580333057196364, 3.020188906682036], ""ATT|rkhs-BP"": [1.3873551462888265, 1.1030500376157713, 2.212369675413148]}"
ATT|rkhs-BKL005|TMLE,100,100,0.0,0.029513049607039925,"{""ok"": 100}",-0.006504376096424373,0.4438421203000857,0.44166523112347755,0.99,0.99,0.45136387417140955,1.0169469131641637,5.758311226789997,448.9055850711229,True,"{""records_checked"": 0, ""max_relative_difference"": null, ""tolerance"": 1e-06}","{""ATE|lin-SQ"": [26.071859427420378, 9.813312197957874, 45.755015567753325], ""ATE|lin-UKL1"": [22.40742620323621, 14.741094265137384, 22.999984491268656], ""ATE|lin-BKL1"": [NaN, NaN, NaN], ""ATE|lin-BP"": [4.174843594782583, 3.061769149752876, 5.407755744623496], ""ATE|rkhs-SQ"": [15.946967877359315, 7.9477121922514105, 22.492744992953064], ""ATE|rkhs-UKL1"": [39.26425239362995, 9.13855365756122, 86.14503574021246], ""ATE|rkhs-BKL1"": [4.859259365462589, 3.8981575409480915, 5.794333828283348], ""ATE|rkhs-BP"": [4.7525125369156855, 2.965254698373912, 6.266533706691049], ""ATT|lin-SQ"": [2.389456665819919, 1.6754825359213055, 3.847406364659366], ""ATT|lin-UKL0"": [2.625329376666357, 1.700288942207012, 4.222289972641773], ""ATT|lin-BKL005"": [NaN, NaN, NaN], ""ATT|lin-BP"": [2.6610216722514757, 1.8513501654077944, 4.060529271674102], ""ATT|rkhs-SQ"": [1.5265823215142167, 1.1844484181391592, 2.533363448071413], ""ATT|rkhs-UKL0"": [2.0764619518575764, 1.620685422477727, 3.499698011320332], ""ATT|rkhs-BKL005"": [1.947965495648197, 1.4580333057196364, 3.020188906682036], ""ATT|rkhs-BP"": [1.3873551462888265, 1.1030500376157713, 2.212369675413148]}"
ATT|rkhs-BP|ARW,100,100,0.0,0.029513049607039925,"{""ok"": 100}",-0.006029576902058848,0.44833040471180247,0.44612386852619296,0.99,0.99,0.45406122439097324,1.0127825809245632,5.637365180638054,438.85805553370466,True,"{""records_checked"": 0, ""max_relative_difference"": null, ""tolerance"": 1e-06}","{""ATE|lin-SQ"": [26.071859427420378, 9.813312197957874, 45.755015567753325], ""ATE|lin-UKL1"": [22.40742620323621, 14.741094265137384, 22.999984491268656], ""ATE|lin-BKL1"": [NaN, NaN, NaN], ""ATE|lin-BP"": [4.174843594782583, 3.061769149752876, 5.407755744623496], ""ATE|rkhs-SQ"": [15.946967877359315, 7.9477121922514105, 22.492744992953064], ""ATE|rkhs-UKL1"": [39.26425239362995, 9.13855365756122, 86.14503574021246], ""ATE|rkhs-BKL1"": [4.859259365462589, 3.8981575409480915, 5.794333828283348], ""ATE|rkhs-BP"": [4.7525125369156855, 2.965254698373912, 6.266533706691049], ""ATT|lin-SQ"": [2.389456665819919, 1.6754825359213055, 3.847406364659366], ""ATT|lin-UKL0"": [2.625329376666357, 1.700288942207012, 4.222289972641773], ""ATT|lin-BKL005"": [NaN, NaN, NaN], ""ATT|lin-BP"": [2.6610216722514757, 1.8513501654077944, 4.060529271674102], ""ATT|rkhs-SQ"": [1.5265823215142167, 1.1844484181391592, 2.533363448071413], ""ATT|rkhs-UKL0"": [2.0764619518575764, 1.620685422477727, 3.499698011320332], ""ATT|rkhs-BKL005"": [1.947965495648197, 1.4580333057196364, 3.020188906682036], ""ATT|rkhs-BP"": [1.3873551462888265, 1.1030500376157713, 2.212369675413148]}"
ATT|rkhs-BP|RW,100,100,0.0,0.029513049607039925,"{""ok"": 100}",-0.40713537021113655,0.6219934942146715,0.7407876601657738,0.77,0.77,0.45593240282664654,0.7330179609069809,5.637365180638054,438.85805553370466,False,"{""records_checked"": 0, ""max_relative_difference"": null, ""tolerance"": 1e-06}","{""ATE|lin-SQ"": [26.071859427420378, 9.813312197957874, 45.755015567753325], ""ATE|lin-UKL1"": [22.40742620323621, 14.741094265137384, 22.999984491268656], ""ATE|lin-BKL1"": [NaN, NaN, NaN], ""ATE|lin-BP"": [4.174843594782583, 3.061769149752876, 5.407755744623496], ""ATE|rkhs-SQ"": [15.946967877359315, 7.9477121922514105, 22.492744992953064], ""ATE|rkhs-UKL1"": [39.26425239362995, 9.13855365756122, 86.14503574021246], ""ATE|rkhs-BKL1"": [4.859259365462589, 3.8981575409480915, 5.794333828283348], ""ATE|rkhs-BP"": [4.7525125369156855, 2.965254698373912, 6.266533706691049], ""ATT|lin-SQ"": [2.389456665819919, 1.6754825359213055, 3.847406364659366], ""ATT|lin-UKL0"": [2.625329376666357, 1.700288942207012, 4.222289972641773], ""ATT|lin-BKL005"": [NaN, NaN, NaN], ""ATT|lin-BP"": [2.6610216722514757, 1.8513501654077944, 4.060529271674102], ""ATT|rkhs-SQ"": [1.5265823215142167, 1.1844484181391592, 2.533363448071413], ""ATT|rkhs-UKL0"": [2.0764619518575764, 1.620685422477727, 3.499698011320332], ""ATT|rkhs-BKL005"": [1.947965495648197, 1.4580333057196364, 3.020188906682036], ""ATT|rkhs-BP"": [1.3873551462888265, 1.1030500376157713, 2.212369675413148]}"
ATT|rkhs-BP|TMLE,100,100,0.0,0.029513049607039925,"{""ok"": 100}",-0.006042146312655729,0.44814622350623984,0.44594079741434195,0.99,0.99,0.4540630788817697,1.0132029571268886,5.637365180638054,438.85805553370466,True,"{""records_checked"": 0, ""max_relative_difference"": null, ""tolerance"": 1e-06}","{""ATE|lin-SQ"": [26.071859427420378, 9.813312197957874, 45.755015567753325], ""ATE|lin-UKL1"": [22.40742620323621, 14.741094265137384, 22.999984491268656], ""ATE|lin-BKL1"": [NaN, NaN, NaN], ""ATE|lin-BP"": [4.174843594782583, 3.061769149752876, 5.407755744623496], ""ATE|rkhs-SQ"": [15.946967877359315, 7.9477121922514105, 22.492744992953064], ""ATE|rkhs-UKL1"": [39.26425239362995, 9.13855365756122, 86.14503574021246], ""ATE|rkhs-BKL1"": [4.859259365462589, 3.8981575409480915, 5.794333828283348], ""ATE|rkhs-BP"": [4.7525125369156855, 2.965254698373912, 6.266533706691049], ""ATT|lin-SQ"": [2.389456665819919, 1.6754825359213055, 3.847406364659366], ""ATT|lin-UKL0"": [2.625329376666357, 1.700288942207012, 4.222289972641773], ""ATT|lin-BKL005"": [NaN, NaN, NaN], ""ATT|lin-BP"": [2.6610216722514757, 1.8513501654077944, 4.060529271674102], ""ATT|rkhs-SQ"": [1.5265823215142167, 1.1844484181391592, 2.533363448071413], ""ATT|rkhs-UKL0"": [2.0764619518575764, 1.620685422477727, 3.499698011320332], ""ATT|rkhs-BKL005"": [1.947965495648197, 1.4580333057196364, 3.020188906682036], ""ATT|rkhs-BP"": [1.3873551462888265, 1.1030500376157713, 2.212369675413148]}"
ATT|EB|ARW,100,0,1.0,,"{""singular"": 100}",,,,0.0,,,,,,False,"{""records_checked"": 0, ""max_relative_difference"": null, ""tolerance"": 1e-06}","{""ATE|lin-SQ"": [26.071859427420378, 9.813312197957874, 45.755015567753325], ""ATE|lin-UKL1"": [22.40742620323621, 14.741094265137384, 22.999984491268656], ""ATE|lin-BKL1"": [NaN, NaN, NaN], ""ATE|lin-BP"": [4.174843594782583, 3.061769149752876, 5.407755744623496], ""ATE|rkhs-SQ"": [15.946967877359315, 7.9477121922514105, 22.492744992953064], ""ATE|rkhs-UKL1"": [39.26425239362995, 9.13855365756122, 86.14503574021246], ""ATE|rkhs-BKL1"": [4.859259365462589, 3.8981575409480915, 5.794333828283348], ""ATE|rkhs-BP"": [4.7525125369156855, 2.965254698373912, 6.266533706691049], ""ATT|lin-SQ"": [2.389456665819919, 1.6754825359213055, 3.847406364659366], ""ATT|lin-UKL0"": [2.625329376666357, 1.700288942207012, 4.222289972641773], ""ATT|lin-BKL005"": [NaN, NaN, NaN], ""ATT|lin-BP"": [2.6610216722514757, 1.8513501654077944, 4.060529271674102], ""ATT|rkhs-SQ"": [1.5265823215142167, 1.1844484181391592, 2.533363448071413], ""ATT|rkhs-UKL0"": [2.0764619518575764, 1.620685422477727, 3.499698011320332], ""ATT|rkhs-BKL005"": [1.947965495648197, 1.4580333057196364, 3.020188906682036], ""ATT|rkhs-BP"": [1.3873551462888265, 1.1030500376157713, 2.212369675413148]}"
ATT|LogitAIPW,100,100,0.0,0.029513049607039925,"{""ok"": 100}",-0.05331618867568589,0.4572046671662054,0.45802659592721945,0.99,0.99,0.4623203803051711,1.0111891096183976,7.428039589432719,415.72488117238004,True,"{""records_checked"": 0, ""max_relative_difference"": null, ""tolerance"": 1e-06}","{""ATE|lin-SQ"": [26.071859427420378, 9.813312197957874, 45.755015567753325], ""ATE|lin-UKL1"": [22.40742620323621, 14.741094265137384, 22.999984491268656], ""ATE|lin-BKL1"": [NaN, NaN, NaN], ""ATE|lin-BP"": [4.174843594782583, 3.061769149752876, 5.407755744623496], ""ATE|rkhs-SQ"": [15.946967877359315, 7.9477121922514105, 22.492744992953064], ""ATE|rkhs-UKL1"": [39.26425239362995, 9.13855365756122, 86.14503574021246], ""ATE|rkhs-BKL1"": [4.859259365462589, 3.8981575409480915, 5.794333828283348], ""ATE|rkhs-BP"": [4.7525125369156855, 2.965254698373912, 6.266533706691049], ""ATT|lin-SQ"": [2.389456665819919, 1.6754825359213055, 3.847406364659366], ""ATT|lin-UKL0"": [2.625329376666357, 1.700288942207012, 4.222289972641773], ""ATT|lin-BKL005"": [NaN, NaN, NaN], ""ATT|lin-BP"": [2.6610216722514757, 1.8513501654077944, 4.060529271674102], ""ATT|rkhs-SQ"": [1.5265823215142167, 1.1844484181391592, 2.533363448071413], ""ATT|rkhs-UKL0"": [2.0764619518575764, 1.620685422477727, 3.499698011320332], ""ATT|rkhs-BKL005"": [1.947965495648197, 1.4580333057196364, 3.020188906682036], ""ATT|rkhs-BP"": [1.3873551462888265, 1.1030500376157713, 2.212369675413148]}"
ATT|AutoDML,100,100,0.0,0.029513049607039925,"{""ok"": 100}",0.0003917447283596512,0.43359044098660715,0.43141721949146056,0.98,0.98,0.44444625049692876,1.0250370130061446,5.447167570973418,442.13068988632085,True,"{""records_checked"": 0, ""max_relative_difference"": null, ""tolerance"": 1e-06}","{""ATE|lin-SQ"": [26.071859427420378, 9.813312197957874, 45.755015567753325], ""ATE|lin-UKL1"": [22.40742620323621, 14.741094265137384, 22.999984491268656], ""ATE|lin-BKL1"": [NaN, NaN, NaN], ""ATE|lin-BP"": [4.174843594782583, 3.061769149752876, 5.407755744623496], ""ATE|rkhs-SQ"": [15.946967877359315, 7.9477121922514105, 22.492744992953064], ""ATE|rkhs-UKL1"": [39.26425239362995, 9.13855365756122, 86.14503574021246], ""ATE|rkhs-BKL1"": [4.859259365462589, 3.8981575409480915, 5.794333828283348], ""ATE|rkhs-BP"": [4.7525125369156855, 2.965254698373912, 6.266533706691049], ""ATT|lin-SQ"": [2.389456665819919, 1.6754825359213055, 3.847406364659366], ""ATT|lin-UKL0"": [2.625329376666357, 1.700288942207012, 4.222289972641773], ""ATT|lin-BKL005"": [NaN, NaN, NaN], ""ATT|lin-BP"": [2.6610216722514757, 1.8513501654077944, 4.060529271674102], ""ATT|rkhs-SQ"": [1.5265823215142167, 1.1844484181391592, 2.533363448071413], ""ATT|rkhs-UKL0"": [2.0764619518575764, 1.620685422477727, 3.499698011320332], ""ATT|rkhs-BKL005"": [1.947965495648197, 1.4580333057196364, 3.020188906682036], ""ATT|rkhs-BP"": [1.3873551462888265, 1.1030500376157713, 2.212369675413148]}"
ATT|DMLGBM,100,100,0.0,0.029513049607039925,"{""ok"": 100}",-0.07600298031746486,0.41650068846667837,0.42132475393147956,0.98,0.98,0.4614334649606917,1.1078816379858352,11.198061230730195,389.0643937342325,True,"{""records_checked"": 0, ""max_relative_difference"": null, ""tolerance"": 1e-06}","{""ATE|lin-SQ"": [26.071859427420378, 9.813312197957874, 45.755015567753325], ""ATE|lin-UKL1"": [22.40742620323621, 14.741094265137384, 22.999984491268656], ""ATE|lin-BKL1"": [NaN, NaN, NaN], ""ATE|lin-BP"": [4.174843594782583, 3.061769149752876, 5.407755744623496], ""ATE|rkhs-SQ"": [15.946967877359315, 7.9477121922514105, 22.492744992953064], ""ATE|rkhs-UKL1"": [39.26425239362995, 9.13855365756122, 86.14503574021246], ""ATE|rkhs-BKL1"": [4.859259365462589, 3.8981575409480915, 5.794333828283348], ""ATE|rkhs-BP"": [4.7525125369156855, 2.965254698373912, 6.266533706691049], ""ATT|lin-SQ"": [2.389456665819919, 1.6754825359213055, 3.847406364659366], ""ATT|lin-UKL0"": [2.625329376666357, 1.700288942207012, 4.222289972641773], ""ATT|lin-BKL005"": [NaN, NaN, NaN], ""ATT|lin-BP"": [2.6610216722514757, 1.8513501654077944, 4.060529271674102], ""ATT|rkhs-SQ"": [1.5265823215142167, 1.1844484181391592, 2.533363448071413], ""ATT|rkhs-UKL0"": [2.0764619518575764, 1.620685422477727, 3.499698011320332], ""ATT|rkhs-BKL005"": [1.947965495648197, 1.4580333057196364, 3.020188906682036], ""ATT|rkhs-BP"": [1.3873551462888265, 1.1030500376157713, 2.212369675413148]}"
ATT|RA,100,100,0.0,0.029513049607039925,"{""ok"": 100}",-0.009887077321140112,0.42372653860204723,0.4217184985490555,,,,,,,False,"{""records_checked"": 0, ""max_relative_difference"": null, ""tolerance"": 1e-06}","{""ATE|lin-SQ"": [26.071859427420378, 9.813312197957874, 45.755015567753325], ""ATE|lin-UKL1"": [22.40742620323621, 14.741094265137384, 22.999984491268656], ""ATE|lin-BKL1"": [NaN, NaN, NaN], ""ATE|lin-BP"": [4.174843594782583, 3.061769149752876, 5.407755744623496], ""ATE|rkhs-SQ"": [15.946967877359315, 7.9477121922514105, 22.492744992953064], ""ATE|rkhs-UKL1"": [39.26425239362995, 9.13855365756122, 86.14503574021246], ""ATE|rkhs-BKL1"": [4.859259365462589, 3.8981575409480915, 5.794333828283348], ""ATE|rkhs-BP"": [4.7525125369156855, 2.965254698373912, 6.266533706691049], ""ATT|lin-SQ"": [2.389456665819919, 1.6754825359213055, 3.847406364659366], ""ATT|lin-UKL0"": [2.625329376666357, 1.700288942207012, 4.222289972641773], ""ATT|lin-BKL005"": [NaN, NaN, NaN], ""ATT|lin-BP"": [2.6610216722514757, 1.8513501654077944, 4.060529271674102], ""ATT|rkhs-SQ"": [1.5265823215142167, 1.1844484181391592, 2.533363448071413], ""ATT|rkhs-UKL0"": [2.0764619518575764, 1.620685422477727, 3.499698011320332], ""ATT|rkhs-BKL005"": [1.947965495648197, 1.4580333057196364, 3.020188906682036], ""ATT|rkhs-BP"": [1.3873551462888265, 1.1030500376157713, 2.212369675413148]}"
